"p","U:0","U:1","U:2","epsilon","k","nut","vtkValidPointMask","arc_length","Points:0","Points:1","Points:2"
-7.121,0,0,0,0.12731,0.0019159,0,1,0,0,-0.0254,0
-7.121,0,0,0,0.1355,0.0019788,0,1,5.08e-005,0,-0.025349,0
-7.121,0,0,0,0.14369,0.0020417,0,1,0.0001016,0,-0.025298,0
-7.121,0,0,0,0.15188,0.0021047,0,1,0.0001524,0,-0.025248,0
-7.121,0,0,0,0.16007,0.0021676,0,1,0.0002032,0,-0.025197,0
-7.121,0,0,0,0.16827,0.0022305,0,1,0.000254,0,-0.025146,0
-7.121,0,0,0,0.17646,0.0022934,0,1,0.0003048,0,-0.025095,0
-7.121,0,0,0,0.18465,0.0023564,0,1,0.0003556,0,-0.025044,0
-7.1211,0,0,0,0.19284,0.0024193,0,1,0.0004064,0,-0.024994,0
-7.1211,0,0,0,0.20103,0.0024822,0,1,0.0004572,0,-0.024943,0
-7.1211,0,0,0,0.20923,0.0025451,0,1,0.000508,0,-0.024892,0
-7.1211,0,0,0,0.21742,0.002608,0,1,0.0005588,0,-0.024841,0
-7.1211,0,0,0,0.22561,0.002671,0,1,0.0006096,0,-0.02479,0
-7.1211,0,0,0,0.2338,0.0027339,0,1,0.0006604,0,-0.02474,0
-7.1211,0,0,0,0.242,0.0027968,0,1,0.0007112,0,-0.024689,0
-7.1211,0,0,0,0.25019,0.0028597,0,1,0.000762,0,-0.024638,0
-7.1212,0,0,0,0.25838,0.0029227,0,1,0.0008128,0,-0.024587,0
-7.1212,0,0,0,0.26657,0.0029856,0,1,0.0008636,0,-0.024536,0
-7.1212,0,0,0,0.27476,0.0030485,0,1,0.0009144,0,-0.024486,0
-7.1212,0,0,0,0.28296,0.0031114,0,1,0.0009652,0,-0.024435,0
-7.1212,0,0,0,0.29115,0.0031744,0,1,0.001016,0,-0.024384,0
-7.1212,0,0,0,0.29934,0.0032373,0,1,0.0010668,0,-0.024333,0
-7.1212,0,0,0,0.30753,0.0033002,0,1,0.0011176,0,-0.024282,0
-7.1212,0,0,0,0.32537,0.0034161,0,1,0.0011684,0,-0.024232,0
-7.1212,0,0,0,0.34754,0.0035558,0,1,0.0012192,0,-0.024181,0
-7.1212,0,0,0,0.36971,0.0036955,0,1,0.00127,0,-0.02413,0
-7.1212,0,0,0,0.39188,0.0038351,0,1,0.0013208,0,-0.024079,0
-7.1212,0,0,0,0.41405,0.0039748,0,1,0.0013716,0,-0.024028,0
-7.1212,0,0,0,0.43621,0.0041145,0,1,0.0014224,0,-0.023978,0
-7.1212,0,0,0,0.45838,0.0042542,0,1,0.0014732,0,-0.023927,0
-7.1212,0,0,0,0.48055,0.0043938,0,1,0.001524,0,-0.023876,0
-7.1212,0,0,0,0.50272,0.0045335,0,1,0.0015748,0,-0.023825,0
-7.1212,0,0,0,0.52489,0.0046732,0,1,0.0016256,0,-0.023774,0
-7.1212,0,0,0,0.54705,0.0048129,0,1,0.0016764,0,-0.023724,0
-7.1212,0,0,0,0.56922,0.0049525,0,1,0.0017272,0,-0.023673,0
-7.1212,0,0,0,0.59139,0.0050922,0,1,0.001778,0,-0.023622,0
-7.1212,0,0,0,0.61356,0.0052319,0,1,0.0018288,0,-0.023571,0
-7.1212,0,0,0,0.63573,0.0053716,0,1,0.0018796,0,-0.02352,0
-7.1212,0,0,0,0.6579,0.0055112,0,1,0.0019304,0,-0.02347,0
-7.1212,0,0,0,0.68006,0.0056509,0,1,0.0019812,0,-0.023419,0
-7.1212,0,0,0,0.70223,0.0057906,0,1,0.002032,0,-0.023368,0
-7.1212,0,0,0,0.7244,0.0059303,0,1,0.0020828,0,-0.023317,0
-7.1212,0,0,0,0.74657,0.0060699,0,1,0.0021336,0,-0.023266,0
-7.1212,0,0,0,0.76874,0.0062096,0,1,0.0021844,0,-0.023216,0
-7.1212,0,0,0,0.79091,0.0063493,0,1,0.0022352,0,-0.023165,0
-7.1212,0,0,0,0.81591,0.0064916,0,1,0.002286,0,-0.023114,0
-7.1211,0,0,0,0.84552,0.0066381,0,1,0.0023368,0,-0.023063,0
-7.121,0,0,0,0.87513,0.0067847,0,1,0.0023876,0,-0.023012,0
-7.121,0,0,0,0.90474,0.0069312,0,1,0.0024384,0,-0.022962,0
-7.1209,0,0,0,0.93435,0.0070778,0,1,0.0024892,0,-0.022911,0
-7.1209,0,0,0,0.96396,0.0072243,0,1,0.00254,0,-0.02286,0
-7.1208,0,0,0,0.99357,0.0073708,0,1,0.0025908,0,-0.022809,0
-7.1207,0,0,0,1.0232,0.0075174,0,1,0.0026416,0,-0.022758,0
-7.1207,0,0,0,1.0528,0.0076639,0,1,0.0026924,0,-0.022708,0
-7.1206,0,0,0,1.0824,0.0078105,0,1,0.0027432,0,-0.022657,0
-7.1205,0,0,0,1.112,0.007957,0,1,0.002794,0,-0.022606,0
-7.1205,0,0,0,1.1416,0.0081036,0,1,0.0028448,0,-0.022555,0
-7.1204,0,0,0,1.1712,0.0082501,0,1,0.0028956,0,-0.022504,0
-7.1203,0,0,0,1.2008,0.0083967,0,1,0.0029464,0,-0.022454,0
-7.1203,0,0,0,1.2305,0.0085432,0,1,0.0029972,0,-0.022403,0
-7.1202,0,0,0,1.2601,0.0086898,0,1,0.003048,0,-0.022352,0
-7.1201,0,0,0,1.2897,0.0088363,0,1,0.0030988,0,-0.022301,0
-7.1201,0,0,0,1.3193,0.0089828,0,1,0.0031496,0,-0.02225,0
-7.12,0,0,0,1.3489,0.0091294,0,1,0.0032004,0,-0.0222,0
-7.1199,0,0,0,1.3785,0.0092759,0,1,0.0032512,0,-0.022149,0
-7.1199,0,0,0,1.4081,0.0094225,0,1,0.003302,0,-0.022098,0
-7.1198,0,0,0,1.4377,0.009569,0,1,0.0033528,0,-0.022047,0
-7.1197,0,0,0,1.4674,0.0097141,0,1,0.0034036,0,-0.021996,0
-7.1196,0,0,0,1.4974,0.0098406,0,1,0.0034544,0,-0.021946,0
-7.1194,0,0,0,1.5275,0.009967,0,1,0.0035052,0,-0.021895,0
-7.1193,0,0,0,1.5575,0.010093,0,1,0.003556,0,-0.021844,0
-7.1191,0,0,0,1.5876,0.01022,0,1,0.0036068,0,-0.021793,0
-7.119,0,0,0,1.6176,0.010346,0,1,0.0036576,0,-0.021742,0
-7.1189,0,0,0,1.6477,0.010473,0,1,0.0037084,0,-0.021692,0
-7.1187,0,0,0,1.6777,0.010599,0,1,0.0037592,0,-0.021641,0
-7.1186,0,0,0,1.7078,0.010725,0,1,0.00381,0,-0.02159,0
-7.1184,0,0,0,1.7378,0.010852,0,1,0.0038608,0,-0.021539,0
-7.1183,0,0,0,1.7679,0.010978,0,1,0.0039116,0,-0.021488,0
-7.1181,0,0,0,1.7979,0.011105,0,1,0.0039624,0,-0.021438,0
-7.118,0,0,0,1.828,0.011231,0,1,0.0040132,0,-0.021387,0
-7.1178,0,0,0,1.858,0.011357,0,1,0.004064,0,-0.021336,0
-7.1177,0,0,0,1.8881,0.011484,0,1,0.0041148,0,-0.021285,0
-7.1175,0,0,0,1.9181,0.01161,0,1,0.0041656,0,-0.021234,0
-7.1174,0,0,0,1.9482,0.011737,0,1,0.0042164,0,-0.021184,0
-7.1172,0,0,0,1.9782,0.011863,0,1,0.0042672,0,-0.021133,0
-7.1171,0,0,0,2.0083,0.01199,0,1,0.004318,0,-0.021082,0
-7.117,0,0,0,2.0383,0.012116,0,1,0.0043688,0,-0.021031,0
-7.1168,0,0,0,2.0684,0.012242,0,1,0.0044196,0,-0.02098,0
-7.1167,0,0,0,2.0984,0.012369,0,1,0.0044704,0,-0.02093,0
-7.1165,0,0,0,2.1285,0.012495,0,1,0.0045212,0,-0.020879,0
-7.1163,0,0,0,2.1558,0.012602,0,1,0.004572,0,-0.020828,0
-7.1161,0,0,0,2.1823,0.012702,0,1,0.0046228,0,-0.020777,0
-7.1159,0,0,0,2.2088,0.012803,0,1,0.0046736,0,-0.020726,0
-7.1156,0,0,0,2.2353,0.012903,0,1,0.0047244,0,-0.020676,0
-7.1154,0,0,0,2.2618,0.013003,0,1,0.0047752,0,-0.020625,0
-7.1152,0,0,0,2.2884,0.013104,0,1,0.004826,0,-0.020574,0
-7.115,0,0,0,2.3149,0.013204,0,1,0.0048768,0,-0.020523,0
-7.1148,0,0,0,2.3414,0.013304,0,1,0.0049276,0,-0.020472,0
-7.1145,0,0,0,2.3679,0.013405,0,1,0.0049784,0,-0.020422,0
-7.1143,0,0,0,2.3944,0.013505,0,1,0.0050292,0,-0.020371,0
-7.1141,0,0,0,2.4209,0.013605,0,1,0.00508,0,-0.02032,0
-7.1139,0,0,0,2.4474,0.013706,0,1,0.0051308,0,-0.020269,0
-7.1136,0,0,0,2.4739,0.013806,0,1,0.0051816,0,-0.020218,0
-7.1134,0,0,0,2.5004,0.013906,0,1,0.0052324,0,-0.020168,0
-7.1132,0,0,0,2.5269,0.014007,0,1,0.0052832,0,-0.020117,0
-7.113,0,0,0,2.5534,0.014107,0,1,0.005334,0,-0.020066,0
-7.1127,0,0,0,2.58,0.014208,0,1,0.0053848,0,-0.020015,0
-7.1125,0,0,0,2.6065,0.014308,0,1,0.0054356,0,-0.019964,0
-7.1123,0,0,0,2.633,0.014408,0,1,0.0054864,0,-0.019914,0
-7.1121,0,0,0,2.6595,0.014509,0,1,0.0055372,0,-0.019863,0
-7.1119,0,0,0,2.686,0.014609,0,1,0.005588,0,-0.019812,0
-7.1116,0,0,0,2.7125,0.014709,0,1,0.0056388,0,-0.019761,0
-7.1114,0,0,0,2.7369,0.014799,0,1,0.0056896,0,-0.01971,0
-7.1111,0,0,0,2.7586,0.014876,0,1,0.0057404,0,-0.01966,0
-7.1108,0,0,0,2.7804,0.014953,0,1,0.0057912,0,-0.019609,0
-7.1105,0,0,0,2.8021,0.01503,0,1,0.005842,0,-0.019558,0
-7.1103,0,0,0,2.8239,0.015106,0,1,0.0058928,0,-0.019507,0
-7.11,0,0,0,2.8457,0.015183,0,1,0.0059436,0,-0.019456,0
-7.1097,0,0,0,2.8674,0.01526,0,1,0.0059944,0,-0.019406,0
-7.1094,0,0,0,2.8892,0.015337,0,1,0.0060452,0,-0.019355,0
-7.1092,0,0,0,2.911,0.015414,0,1,0.006096,0,-0.019304,0
-7.1089,0,0,0,2.9327,0.015491,0,1,0.0061468,0,-0.019253,0
-7.1086,0,0,0,2.9545,0.015567,0,1,0.0061976,0,-0.019202,0
-7.1083,0,0,0,2.9762,0.015644,0,1,0.0062484,0,-0.019152,0
-7.108,0,0,0,2.998,0.015721,0,1,0.0062992,0,-0.019101,0
-7.1078,0,0,0,3.0198,0.015798,0,1,0.00635,0,-0.01905,0
-7.1075,0,0,0,3.0415,0.015875,0,1,0.0064008,0,-0.018999,0
-7.1072,0,0,0,3.0633,0.015952,0,1,0.0064516,0,-0.018948,0
-7.1069,0,0,0,3.085,0.016029,0,1,0.0065024,0,-0.018898,0
-7.1067,0,0,0,3.1068,0.016105,0,1,0.0065532,0,-0.018847,0
-7.1064,0,0,0,3.1286,0.016182,0,1,0.006604,0,-0.018796,0
-7.1061,0,0,0,3.1503,0.016259,0,1,0.0066548,0,-0.018745,0
-7.1058,0,0,0,3.1721,0.016336,0,1,0.0067056,0,-0.018694,0
-7.1055,0,0,0,3.1939,0.016413,0,1,0.0067564,0,-0.018644,0
-7.1053,0,0,0,3.215,0.016487,0,1,0.0068072,0,-0.018593,0
-7.105,0,0,0,3.2321,0.016544,0,1,0.006858,0,-0.018542,0
-7.1047,0,0,0,3.2492,0.016602,0,1,0.0069088,0,-0.018491,0
-7.1044,0,0,0,3.2663,0.01666,0,1,0.0069596,0,-0.01844,0
-7.1041,0,0,0,3.2834,0.016717,0,1,0.0070104,0,-0.01839,0
-7.1038,0,0,0,3.3005,0.016775,0,1,0.0070612,0,-0.018339,0
-7.1035,0,0,0,3.3176,0.016833,0,1,0.007112,0,-0.018288,0
-7.1032,0,0,0,3.3347,0.01689,0,1,0.0071628,0,-0.018237,0
-7.1029,0,0,0,3.3518,0.016948,0,1,0.0072136,0,-0.018186,0
-7.1026,0,0,0,3.3689,0.017005,0,1,0.0072644,0,-0.018136,0
-7.1023,0,0,0,3.386,0.017063,0,1,0.0073152,0,-0.018085,0
-7.102,0,0,0,3.4031,0.017121,0,1,0.007366,0,-0.018034,0
-7.1017,0,0,0,3.4202,0.017178,0,1,0.0074168,0,-0.017983,0
-7.1014,0,0,0,3.4373,0.017236,0,1,0.0074676,0,-0.017932,0
-7.1011,0,0,0,3.4544,0.017293,0,1,0.0075184,0,-0.017882,0
-7.1008,0,0,0,3.4715,0.017351,0,1,0.0075692,0,-0.017831,0
-7.1005,0,0,0,3.4886,0.017409,0,1,0.00762,0,-0.01778,0
-7.1002,0,0,0,3.5057,0.017466,0,1,0.0076708,0,-0.017729,0
-7.0999,0,0,0,3.5228,0.017524,0,1,0.0077216,0,-0.017678,0
-7.0996,0,0,0,3.5399,0.017581,0,1,0.0077724,0,-0.017628,0
-7.0993,0,0,0,3.557,0.017639,0,1,0.0078232,0,-0.017577,0
-7.099,0,0,0,3.5741,0.017697,0,1,0.007874,0,-0.017526,0
-7.0987,0,0,0,3.5912,0.017754,0,1,0.0079248,0,-0.017475,0
-7.0984,0,0,0,3.6074,0.017807,0,1,0.0079756,0,-0.017424,0
-7.0981,0,0,0,3.6234,0.017859,0,1,0.0080264,0,-0.017374,0
-7.0979,0,0,0,3.6394,0.017911,0,1,0.0080772,0,-0.017323,0
-7.0976,0,0,0,3.6554,0.017962,0,1,0.008128,0,-0.017272,0
-7.0973,0,0,0,3.6713,0.018014,0,1,0.0081788,0,-0.017221,0
-7.097,0,0,0,3.6873,0.018066,0,1,0.0082296,0,-0.01717,0
-7.0967,0,0,0,3.7033,0.018118,0,1,0.0082804,0,-0.01712,0
-7.0964,0,0,0,3.7193,0.018169,0,1,0.0083312,0,-0.017069,0
-7.0962,0,0,0,3.7353,0.018221,0,1,0.008382,0,-0.017018,0
-7.0959,0,0,0,3.7513,0.018273,0,1,0.0084328,0,-0.016967,0
-7.0956,0,0,0,3.7673,0.018325,0,1,0.0084836,0,-0.016916,0
-7.0953,0,0,0,3.7833,0.018376,0,1,0.0085344,0,-0.016866,0
-7.095,0,0,0,3.7992,0.018428,0,1,0.0085852,0,-0.016815,0
-7.0948,0,0,0,3.8152,0.01848,0,1,0.008636,0,-0.016764,0
-7.0945,0,0,0,3.8312,0.018532,0,1,0.0086868,0,-0.016713,0
-7.0942,0,0,0,3.8472,0.018583,0,1,0.0087376,0,-0.016662,0
-7.0939,0,0,0,3.8632,0.018635,0,1,0.0087884,0,-0.016612,0
-7.0936,0,0,0,3.8792,0.018687,0,1,0.0088392,0,-0.016561,0
-7.0934,0,0,0,3.8952,0.018739,0,1,0.00889,0,-0.01651,0
-7.0931,0,0,0,3.9112,0.018791,0,1,0.0089408,0,-0.016459,0
-7.0928,0,0,0,3.9272,0.018842,0,1,0.0089916,0,-0.016408,0
-7.0925,0,0,0,3.9431,0.018894,0,1,0.0090424,0,-0.016358,0
-7.0923,0,0,0,3.9651,0.018963,0,1,0.0090932,0,-0.016307,0
-7.092,0,0,0,3.9924,0.019047,0,1,0.009144,0,-0.016256,0
-7.0918,0,0,0,4.0197,0.019132,0,1,0.0091948,0,-0.016205,0
-7.0916,0,0,0,4.0471,0.019216,0,1,0.0092456,0,-0.016154,0
-7.0913,0,0,0,4.0744,0.019301,0,1,0.0092964,0,-0.016104,0
-7.0911,0,0,0,4.1017,0.019385,0,1,0.0093472,0,-0.016053,0
-7.0909,0,0,0,4.1291,0.019469,0,1,0.009398,0,-0.016002,0
-7.0906,0,0,0,4.1564,0.019554,0,1,0.0094488,0,-0.015951,0
-7.0904,0,0,0,4.1838,0.019638,0,1,0.0094996,0,-0.0159,0
-7.0902,0,0,0,4.2111,0.019723,0,1,0.0095504,0,-0.01585,0
-7.0899,0,0,0,4.2384,0.019807,0,1,0.0096012,0,-0.015799,0
-7.0897,0,0,0,4.2658,0.019892,0,1,0.009652,0,-0.015748,0
-7.0895,0,0,0,4.2931,0.019976,0,1,0.0097028,0,-0.015697,0
-7.0892,0,0,0,4.3204,0.02006,0,1,0.0097536,0,-0.015646,0
-7.089,0,0,0,4.3478,0.020145,0,1,0.0098044,0,-0.015596,0
-7.0888,0,0,0,4.3751,0.020229,0,1,0.0098552,0,-0.015545,0
-7.0885,0,0,0,4.4025,0.020314,0,1,0.009906,0,-0.015494,0
-7.0883,0,0,0,4.4298,0.020398,0,1,0.0099568,0,-0.015443,0
-7.0881,0,0,0,4.4571,0.020482,0,1,0.010008,0,-0.015392,0
-7.0878,0,0,0,4.4845,0.020567,0,1,0.010058,0,-0.015342,0
-7.0876,0,0,0,4.5118,0.020651,0,1,0.010109,0,-0.015291,0
-7.0874,0,0,0,4.5391,0.020736,0,1,0.01016,0,-0.01524,0
-7.0872,0,0,0,4.5689,0.020827,0,1,0.010211,0,-0.015189,0
-7.087,0,0,0,4.6078,0.020942,0,1,0.010262,0,-0.015138,0
-7.0868,0,0,0,4.6467,0.021056,0,1,0.010312,0,-0.015088,0
-7.0867,0,0,0,4.6855,0.021171,0,1,0.010363,0,-0.015037,0
-7.0865,0,0,0,4.7244,0.021286,0,1,0.010414,0,-0.014986,0
-7.0863,0,0,0,4.7632,0.021401,0,1,0.010465,0,-0.014935,0
-7.0862,0,0,0,4.8021,0.021516,0,1,0.010516,0,-0.014884,0
-7.086,0,0,0,4.841,0.021631,0,1,0.010566,0,-0.014834,0
-7.0859,0,0,0,4.8798,0.021746,0,1,0.010617,0,-0.014783,0
-7.0857,0,0,0,4.9187,0.021861,0,1,0.010668,0,-0.014732,0
-7.0855,0,0,0,4.9575,0.021975,0,1,0.010719,0,-0.014681,0
-7.0854,0,0,0,4.9964,0.02209,0,1,0.01077,0,-0.01463,0
-7.0852,0,0,0,5.0353,0.022205,0,1,0.01082,0,-0.01458,0
-7.0851,0,0,0,5.0741,0.02232,0,1,0.010871,0,-0.014529,0
-7.0849,0,0,0,5.113,0.022435,0,1,0.010922,0,-0.014478,0
-7.0847,0,0,0,5.1518,0.02255,0,1,0.010973,0,-0.014427,0
-7.0846,0,0,0,5.1907,0.022665,0,1,0.011024,0,-0.014376,0
-7.0844,0,0,0,5.2296,0.02278,0,1,0.011074,0,-0.014326,0
-7.0843,0,0,0,5.2684,0.022894,0,1,0.011125,0,-0.014275,0
-7.0841,0,0,0,5.3073,0.023009,0,1,0.011176,0,-0.014224,0
-7.0839,0,0,0,5.3461,0.023124,0,1,0.011227,0,-0.014173,0
-7.0838,0,0,0,5.385,0.023239,0,1,0.011278,0,-0.014122,0
-7.0836,0,0,0,5.4239,0.023354,0,1,0.011328,0,-0.014072,0
-7.0835,0,0,0,5.4632,0.023465,0,1,0.011379,0,-0.014021,0
-7.0834,0,0,0,5.5027,0.023576,0,1,0.01143,0,-0.01397,0
-7.0834,0,0,0,5.5421,0.023686,0,1,0.011481,0,-0.013919,0
-7.0833,0,0,0,5.5816,0.023797,0,1,0.011532,0,-0.013868,0
-7.0832,0,0,0,5.621,0.023908,0,1,0.011582,0,-0.013818,0
-7.0831,0,0,0,5.6605,0.024018,0,1,0.011633,0,-0.013767,0
-7.083,0,0,0,5.6999,0.024129,0,1,0.011684,0,-0.013716,0
-7.083,0,0,0,5.7394,0.02424,0,1,0.011735,0,-0.013665,0
-7.0829,0,0,0,5.7788,0.02435,0,1,0.011786,0,-0.013614,0
-7.0828,0,0,0,5.8183,0.024461,0,1,0.011836,0,-0.013564,0
-7.0827,0,0,0,5.8577,0.024572,0,1,0.011887,0,-0.013513,0
-7.0827,0,0,0,5.8972,0.024682,0,1,0.011938,0,-0.013462,0
-7.0826,0,0,0,5.9366,0.024793,0,1,0.011989,0,-0.013411,0
-7.0825,0,0,0,5.9761,0.024904,0,1,0.01204,0,-0.01336,0
-7.0824,0,0,0,6.0155,0.025014,0,1,0.01209,0,-0.01331,0
-7.0823,0,0,0,6.055,0.025125,0,1,0.012141,0,-0.013259,0
-7.0823,0,0,0,6.0944,0.025236,0,1,0.012192,0,-0.013208,0
-7.0822,0,0,0,6.1339,0.025346,0,1,0.012243,0,-0.013157,0
-7.0821,0,0,0,6.1733,0.025457,0,1,0.012294,0,-0.013106,0
-7.082,0,0,0,6.2128,0.025568,0,1,0.012344,0,-0.013056,0
-7.0819,0,0,0,6.2522,0.025678,0,1,0.012395,0,-0.013005,0
-7.0819,0,0,0,6.2917,0.025789,0,1,0.012446,0,-0.012954,0
-7.0818,0,0,0,6.33,0.025893,0,1,0.012497,0,-0.012903,0
-7.0818,0,0,0,6.3674,0.025994,0,1,0.012548,0,-0.012852,0
-7.0818,0,0,0,6.4049,0.026094,0,1,0.012598,0,-0.012802,0
-7.0819,0,0,0,6.4423,0.026194,0,1,0.012649,0,-0.012751,0
-7.0819,0,0,0,6.4797,0.026295,0,1,0.0127,0,-0.0127,0
-7.0819,0,0,0,6.5172,0.026395,0,1,0.012751,0,-0.012649,0
-7.0819,0,0,0,6.5546,0.026495,0,1,0.012802,0,-0.012598,0
-7.0819,0,0,0,6.5921,0.026596,0,1,0.012852,0,-0.012548,0
-7.0819,0,0,0,6.6295,0.026696,0,1,0.012903,0,-0.012497,0
-7.0819,0,0,0,6.667,0.026797,0,1,0.012954,0,-0.012446,0
-7.0819,0,0,0,6.7044,0.026897,0,1,0.013005,0,-0.012395,0
-7.0819,0,0,0,6.7419,0.026997,0,1,0.013056,0,-0.012344,0
-7.0819,0,0,0,6.7793,0.027098,0,1,0.013106,0,-0.012294,0
-7.0819,0,0,0,6.8168,0.027198,0,1,0.013157,0,-0.012243,0
-7.0819,0,0,0,6.8542,0.027298,0,1,0.013208,0,-0.012192,0
-7.0819,0,0,0,6.8917,0.027399,0,1,0.013259,0,-0.012141,0
-7.0819,0,0,0,6.9291,0.027499,0,1,0.01331,0,-0.01209,0
-7.0819,0,0,0,6.9666,0.027599,0,1,0.01336,0,-0.01204,0
-7.0819,0,0,0,7.004,0.0277,0,1,0.013411,0,-0.011989,0
-7.0819,0,0,0,7.0415,0.0278,0,1,0.013462,0,-0.011938,0
-7.0819,0,0,0,7.0789,0.0279,0,1,0.013513,0,-0.011887,0
-7.0819,0,0,0,7.1164,0.028001,0,1,0.013564,0,-0.011836,0
-7.082,0,0,0,7.153,0.028098,0,1,0.013614,0,-0.011786,0
-7.0821,0,0,0,7.1875,0.028187,0,1,0.013665,0,-0.011735,0
-7.0821,0,0,0,7.2221,0.028276,0,1,0.013716,0,-0.011684,0
-7.0822,0,0,0,7.2566,0.028365,0,1,0.013767,0,-0.011633,0
-7.0823,0,0,0,7.2912,0.028455,0,1,0.013818,0,-0.011582,0
-7.0824,0,0,0,7.3257,0.028544,0,1,0.013868,0,-0.011532,0
-7.0825,0,0,0,7.3603,0.028633,0,1,0.013919,0,-0.011481,0
-7.0826,0,0,0,7.3948,0.028722,0,1,0.01397,0,-0.01143,0
-7.0826,0,0,0,7.4294,0.028811,0,1,0.014021,0,-0.011379,0
-7.0827,0,0,0,7.464,0.0289,0,1,0.014072,0,-0.011328,0
-7.0828,0,0,0,7.4985,0.028989,0,1,0.014122,0,-0.011278,0
-7.0829,0,0,0,7.5331,0.029079,0,1,0.014173,0,-0.011227,0
-7.083,0,0,0,7.5676,0.029168,0,1,0.014224,0,-0.011176,0
-7.0831,0,0,0,7.6022,0.029257,0,1,0.014275,0,-0.011125,0
-7.0832,0,0,0,7.6367,0.029346,0,1,0.014326,0,-0.011074,0
-7.0832,0,0,0,7.6713,0.029435,0,1,0.014376,0,-0.011024,0
-7.0833,0,0,0,7.7058,0.029524,0,1,0.014427,0,-0.010973,0
-7.0834,0,0,0,7.7404,0.029614,0,1,0.014478,0,-0.010922,0
-7.0835,0,0,0,7.7749,0.029703,0,1,0.014529,0,-0.010871,0
-7.0836,0,0,0,7.8095,0.029792,0,1,0.01458,0,-0.01082,0
-7.0837,0,0,0,7.844,0.029881,0,1,0.01463,0,-0.01077,0
-7.0837,0,0,0,7.8786,0.02997,0,1,0.014681,0,-0.010719,0
-7.0838,0,0,0,7.9131,0.030059,0,1,0.014732,0,-0.010668,0
-7.084,0,0,0,7.9445,0.030138,0,1,0.014783,0,-0.010617,0
-7.0841,0,0,0,7.9758,0.030216,0,1,0.014834,0,-0.010566,0
-7.0843,0,0,0,8.0072,0.030294,0,1,0.014884,0,-0.010516,0
-7.0845,0,0,0,8.0385,0.030373,0,1,0.014935,0,-0.010465,0
-7.0846,0,0,0,8.0698,0.030451,0,1,0.014986,0,-0.010414,0
-7.0848,0,0,0,8.1011,0.030529,0,1,0.015037,0,-0.010363,0
-7.0849,0,0,0,8.1324,0.030608,0,1,0.015088,0,-0.010312,0
-7.0851,0,0,0,8.1637,0.030686,0,1,0.015138,0,-0.010262,0
-7.0852,0,0,0,8.1951,0.030764,0,1,0.015189,0,-0.010211,0
-7.0854,0,0,0,8.2264,0.030843,0,1,0.01524,0,-0.01016,0
-7.0856,0,0,0,8.2577,0.030921,0,1,0.015291,0,-0.010109,0
-7.0857,0,0,0,8.289,0.030999,0,1,0.015342,0,-0.010058,0
-7.0859,0,0,0,8.3203,0.031078,0,1,0.015392,0,-0.010008,0
-7.086,0,0,0,8.3516,0.031156,0,1,0.015443,0,-0.0099568,0
-7.0862,0,0,0,8.3829,0.031234,0,1,0.015494,0,-0.009906,0
-7.0863,0,0,0,8.4143,0.031313,0,1,0.015545,0,-0.0098552,0
-7.0865,0,0,0,8.4456,0.031391,0,1,0.015596,0,-0.0098044,0
-7.0866,0,0,0,8.4769,0.031469,0,1,0.015646,0,-0.0097536,0
-7.0868,0,0,0,8.5082,0.031547,0,1,0.015697,0,-0.0097028,0
-7.087,0,0,0,8.5395,0.031626,0,1,0.015748,0,-0.009652,0
-7.0871,0,0,0,8.5708,0.031704,0,1,0.015799,0,-0.0096012,0
-7.0873,0,0,0,8.6022,0.031782,0,1,0.01585,0,-0.0095504,0
-7.0875,0,0,0,8.6314,0.031854,0,1,0.0159,0,-0.0094996,0
-7.0877,0,0,0,8.6597,0.031923,0,1,0.015951,0,-0.0094488,0
-7.0879,0,0,0,8.6879,0.031992,0,1,0.016002,0,-0.009398,0
-7.0881,0,0,0,8.7162,0.032061,0,1,0.016053,0,-0.0093472,0
-7.0884,0,0,0,8.7444,0.03213,0,1,0.016104,0,-0.0092964,0
-7.0886,0,0,0,8.7727,0.032198,0,1,0.016154,0,-0.0092456,0
-7.0888,0,0,0,8.8009,0.032267,0,1,0.016205,0,-0.0091948,0
-7.089,0,0,0,8.8291,0.032336,0,1,0.016256,0,-0.009144,0
-7.0892,0,0,0,8.8574,0.032405,0,1,0.016307,0,-0.0090932,0
-7.0895,0,0,0,8.8856,0.032474,0,1,0.016358,0,-0.0090424,0
-7.0897,0,0,0,8.9139,0.032543,0,1,0.016408,0,-0.0089916,0
-7.0899,0,0,0,8.9421,0.032611,0,1,0.016459,0,-0.0089408,0
-7.0901,0,0,0,8.9704,0.03268,0,1,0.01651,0,-0.00889,0
-7.0904,0,0,0,8.9986,0.032749,0,1,0.016561,0,-0.0088392,0
-7.0906,0,0,0,9.0268,0.032818,0,1,0.016612,0,-0.0087884,0
-7.0908,0,0,0,9.0551,0.032887,0,1,0.016662,0,-0.0087376,0
-7.091,0,0,0,9.0833,0.032955,0,1,0.016713,0,-0.0086868,0
-7.0912,0,0,0,9.1116,0.033024,0,1,0.016764,0,-0.008636,0
-7.0915,0,0,0,9.1398,0.033093,0,1,0.016815,0,-0.0085852,0
-7.0917,0,0,0,9.1681,0.033162,0,1,0.016866,0,-0.0085344,0
-7.0919,0,0,0,9.1963,0.033231,0,1,0.016916,0,-0.0084836,0
-7.0921,0,0,0,9.2245,0.033299,0,1,0.016967,0,-0.0084328,0
-7.0924,0,0,0,9.2522,0.033366,0,1,0.017018,0,-0.008382,0
-7.0927,0,0,0,9.2787,0.033429,0,1,0.017069,0,-0.0083312,0
-7.0929,0,0,0,9.3053,0.033493,0,1,0.01712,0,-0.0082804,0
-7.0932,0,0,0,9.3318,0.033556,0,1,0.01717,0,-0.0082296,0
-7.0935,0,0,0,9.3583,0.033619,0,1,0.017221,0,-0.0081788,0
-7.0938,0,0,0,9.3849,0.033682,0,1,0.017272,0,-0.008128,0
-7.0941,0,0,0,9.4114,0.033745,0,1,0.017323,0,-0.0080772,0
-7.0944,0,0,0,9.4379,0.033809,0,1,0.017374,0,-0.0080264,0
-7.0947,0,0,0,9.4645,0.033872,0,1,0.017424,0,-0.0079756,0
-7.0949,0,0,0,9.491,0.033935,0,1,0.017475,0,-0.0079248,0
-7.0952,0,0,0,9.5176,0.033998,0,1,0.017526,0,-0.007874,0
-7.0955,0,0,0,9.5441,0.034061,0,1,0.017577,0,-0.0078232,0
-7.0958,0,0,0,9.5706,0.034125,0,1,0.017628,0,-0.0077724,0
-7.0961,0,0,0,9.5972,0.034188,0,1,0.017678,0,-0.0077216,0
-7.0964,0,0,0,9.6237,0.034251,0,1,0.017729,0,-0.0076708,0
-7.0967,0,0,0,9.6503,0.034314,0,1,0.01778,0,-0.00762,0
-7.0969,0,0,0,9.6768,0.034377,0,1,0.017831,0,-0.0075692,0
-7.0972,0,0,0,9.7033,0.034441,0,1,0.017882,0,-0.0075184,0
-7.0975,0,0,0,9.7299,0.034504,0,1,0.017932,0,-0.0074676,0
-7.0978,0,0,0,9.7564,0.034567,0,1,0.017983,0,-0.0074168,0
-7.0981,0,0,0,9.7829,0.03463,0,1,0.018034,0,-0.007366,0
-7.0984,0,0,0,9.8095,0.034693,0,1,0.018085,0,-0.0073152,0
-7.0987,0,0,0,9.836,0.034757,0,1,0.018136,0,-0.0072644,0
-7.099,0,0,0,9.8631,0.03482,0,1,0.018186,0,-0.0072136,0
-7.0994,0,0,0,9.8901,0.034883,0,1,0.018237,0,-0.0071628,0
-7.0997,0,0,0,9.9172,0.034946,0,1,0.018288,0,-0.007112,0
-7.1001,0,0,0,9.9442,0.035009,0,1,0.018339,0,-0.0070612,0
-7.1004,0,0,0,9.9712,0.035072,0,1,0.01839,0,-0.0070104,0
-7.1008,0,0,0,9.9983,0.035135,0,1,0.01844,0,-0.0069596,0
-7.1011,0,0,0,10.025,0.035198,0,1,0.018491,0,-0.0069088,0
-7.1015,0,0,0,10.052,0.035261,0,1,0.018542,0,-0.006858,0
-7.1019,0,0,0,10.079,0.035324,0,1,0.018593,0,-0.0068072,0
-7.1022,0,0,0,10.106,0.035387,0,1,0.018644,0,-0.0067564,0
-7.1026,0,0,0,10.133,0.03545,0,1,0.018694,0,-0.0067056,0
-7.1029,0,0,0,10.161,0.035513,0,1,0.018745,0,-0.0066548,0
-7.1033,0,0,0,10.188,0.035576,0,1,0.018796,0,-0.006604,0
-7.1036,0,0,0,10.215,0.035639,0,1,0.018847,0,-0.0065532,0
-7.104,0,0,0,10.242,0.035702,0,1,0.018898,0,-0.0065024,0
-7.1044,0,0,0,10.269,0.035765,0,1,0.018948,0,-0.0064516,0
-7.1047,0,0,0,10.296,0.035828,0,1,0.018999,0,-0.0064008,0
-7.1051,0,0,0,10.323,0.035891,0,1,0.01905,0,-0.00635,0
-7.1054,0,0,0,10.35,0.035954,0,1,0.019101,0,-0.0062992,0
-7.1058,0,0,0,10.377,0.036018,0,1,0.019152,0,-0.0062484,0
-7.1061,0,0,0,10.404,0.036081,0,1,0.019202,0,-0.0061976,0
-7.1065,0,0,0,10.431,0.036144,0,1,0.019253,0,-0.0061468,0
-7.1069,0,0,0,10.458,0.036206,0,1,0.019304,0,-0.006096,0
-7.1073,0,0,0,10.485,0.036269,0,1,0.019355,0,-0.0060452,0
-7.1077,0,0,0,10.512,0.036331,0,1,0.019406,0,-0.0059944,0
-7.1081,0,0,0,10.54,0.036393,0,1,0.019456,0,-0.0059436,0
-7.1085,0,0,0,10.567,0.036456,0,1,0.019507,0,-0.0058928,0
-7.1089,0,0,0,10.594,0.036518,0,1,0.019558,0,-0.005842,0
-7.1094,0,0,0,10.621,0.03658,0,1,0.019609,0,-0.0057912,0
-7.1098,0,0,0,10.648,0.036643,0,1,0.01966,0,-0.0057404,0
-7.1102,0,0,0,10.676,0.036705,0,1,0.01971,0,-0.0056896,0
-7.1106,0,0,0,10.703,0.036767,0,1,0.019761,0,-0.0056388,0
-7.111,0,0,0,10.73,0.03683,0,1,0.019812,0,-0.005588,0
-7.1114,0,0,0,10.757,0.036892,0,1,0.019863,0,-0.0055372,0
-7.1118,0,0,0,10.784,0.036954,0,1,0.019914,0,-0.0054864,0
-7.1122,0,0,0,10.812,0.037017,0,1,0.019964,0,-0.0054356,0
-7.1127,0,0,0,10.839,0.037079,0,1,0.020015,0,-0.0053848,0
-7.1131,0,0,0,10.866,0.037141,0,1,0.020066,0,-0.005334,0
-7.1135,0,0,0,10.893,0.037204,0,1,0.020117,0,-0.0052832,0
-7.1139,0,0,0,10.92,0.037266,0,1,0.020168,0,-0.0052324,0
-7.1143,0,0,0,10.947,0.037328,0,1,0.020218,0,-0.0051816,0
-7.1147,0,0,0,10.975,0.037391,0,1,0.020269,0,-0.0051308,0
-7.1151,0,0,0,11.002,0.037453,0,1,0.02032,0,-0.00508,0
-7.1155,0,0,0,11.029,0.037515,0,1,0.020371,0,-0.0050292,0
-7.116,0,0,0,11.061,0.037588,0,1,0.020422,0,-0.0049784,0
-7.1167,0,0,0,11.1,0.037675,0,1,0.020472,0,-0.0049276,0
-7.1173,0,0,0,11.138,0.037762,0,1,0.020523,0,-0.0048768,0
-7.1179,0,0,0,11.177,0.037849,0,1,0.020574,0,-0.004826,0
-7.1186,0,0,0,11.216,0.037937,0,1,0.020625,0,-0.0047752,0
-7.1192,0,0,0,11.254,0.038024,0,1,0.020676,0,-0.0047244,0
-7.1198,0,0,0,11.293,0.038111,0,1,0.020726,0,-0.0046736,0
-7.1205,0,0,0,11.332,0.038198,0,1,0.020777,0,-0.0046228,0
-7.1211,0,0,0,11.37,0.038285,0,1,0.020828,0,-0.004572,0
-7.1218,0,0,0,11.409,0.038372,0,1,0.020879,0,-0.0045212,0
-7.1224,0,0,0,11.448,0.038459,0,1,0.02093,0,-0.0044704,0
-7.123,0,0,0,11.486,0.038546,0,1,0.02098,0,-0.0044196,0
-7.1237,0,0,0,11.525,0.038633,0,1,0.021031,0,-0.0043688,0
-7.1243,0,0,0,11.564,0.03872,0,1,0.021082,0,-0.004318,0
-7.1249,0,0,0,11.602,0.038807,0,1,0.021133,0,-0.0042672,0
-7.1256,0,0,0,11.643,0.038899,0,1,0.021184,0,-0.0042164,0
-7.1264,0,0,0,11.688,0.038998,0,1,0.021234,0,-0.0041656,0
-7.1271,0,0,0,11.732,0.039097,0,1,0.021285,0,-0.0041148,0
-7.1279,0,0,0,11.777,0.039196,0,1,0.021336,0,-0.004064,0
-7.1286,0,0,0,11.822,0.039295,0,1,0.021387,0,-0.0040132,0
-7.1294,0,0,0,11.866,0.039394,0,1,0.021438,0,-0.0039624,0
-7.1302,0,0,0,11.911,0.039493,0,1,0.021488,0,-0.0039116,0
-7.1309,0,0,0,11.956,0.039592,0,1,0.021539,0,-0.0038608,0
-7.1317,0,0,0,12,0.039691,0,1,0.02159,0,-0.00381,0
-7.1325,0,0,0,12.045,0.03979,0,1,0.021641,0,-0.0037592,0
-7.1332,0,0,0,12.09,0.039889,0,1,0.021692,0,-0.0037084,0
-7.134,0,0,0,12.134,0.039988,0,1,0.021742,0,-0.0036576,0
-7.1348,0,0,0,12.179,0.040087,0,1,0.021793,0,-0.0036068,0
-7.1355,0,0,0,12.224,0.040186,0,1,0.021844,0,-0.003556,0
-7.1364,0,0,0,12.276,0.0403,0,1,0.021895,0,-0.0035052,0
-7.1374,0,0,0,12.335,0.04043,0,1,0.021946,0,-0.0034544,0
-7.1385,0,0,0,12.395,0.040559,0,1,0.021996,0,-0.0034036,0
-7.1395,0,0,0,12.455,0.040689,0,1,0.022047,0,-0.0033528,0
-7.1405,0,0,0,12.514,0.040818,0,1,0.022098,0,-0.003302,0
-7.1415,0,0,0,12.574,0.040948,0,1,0.022149,0,-0.0032512,0
-7.1425,0,0,0,12.633,0.041077,0,1,0.0222,0,-0.0032004,0
-7.1436,0,0,0,12.693,0.041207,0,1,0.02225,0,-0.0031496,0
-7.1446,0,0,0,12.752,0.041336,0,1,0.022301,0,-0.0030988,0
-7.1456,0,0,0,12.812,0.041466,0,1,0.022352,0,-0.003048,0
-7.1466,0,0,0,12.872,0.041595,0,1,0.022403,0,-0.0029972,0
-7.1476,0,0,0,12.931,0.041725,0,1,0.022454,0,-0.0029464,0
-7.1487,0,0,0,12.991,0.041854,0,1,0.022504,0,-0.0028956,0
-7.15,0,0,0,13.059,0.042004,0,1,0.022555,0,-0.0028448,0
-7.1515,0,0,0,13.13,0.042158,0,1,0.022606,0,-0.002794,0
-7.1529,0,0,0,13.2,0.042312,0,1,0.022657,0,-0.0027432,0
-7.1543,0,0,0,13.27,0.042467,0,1,0.022708,0,-0.0026924,0
-7.1558,0,0,0,13.341,0.042621,0,1,0.022758,0,-0.0026416,0
-7.1572,0,0,0,13.411,0.042775,0,1,0.022809,0,-0.0025908,0
-7.1586,0,0,0,13.481,0.042929,0,1,0.02286,0,-0.00254,0
-7.1601,0,0,0,13.552,0.043083,0,1,0.022911,0,-0.0024892,0
-7.1615,0,0,0,13.622,0.043238,0,1,0.022962,0,-0.0024384,0
-7.1629,0,0,0,13.693,0.043392,0,1,0.023012,0,-0.0023876,0
-7.1644,0,0,0,13.763,0.043546,0,1,0.023063,0,-0.0023368,0
-7.1659,0,0,0,13.842,0.04372,0,1,0.023114,0,-0.002286,0
-7.168,0,0,0,13.961,0.04398,0,1,0.023165,0,-0.0022352,0
-7.1702,0,0,0,14.079,0.04424,0,1,0.023216,0,-0.0021844,0
-7.1723,0,0,0,14.197,0.0445,0,1,0.023266,0,-0.0021336,0
-7.1744,0,0,0,14.316,0.04476,0,1,0.023317,0,-0.0020828,0
-7.1765,0,0,0,14.434,0.04502,0,1,0.023368,0,-0.002032,0
-7.1786,0,0,0,14.553,0.04528,0,1,0.023419,0,-0.0019812,0
-7.1808,0,0,0,14.671,0.045539,0,1,0.02347,0,-0.0019304,0
-7.1829,0,0,0,14.789,0.045799,0,1,0.02352,0,-0.0018796,0
-7.185,0,0,0,14.908,0.046059,0,1,0.023571,0,-0.0018288,0
-7.1871,0,0,0,15.026,0.046319,0,1,0.023622,0,-0.001778,0
-7.1899,0,0,0,15.125,0.046649,0,1,0.023673,0,-0.0017272,0
-7.1934,0,0,0,15.205,0.047045,0,1,0.023724,0,-0.0016764,0
-7.1968,0,0,0,15.286,0.04744,0,1,0.023774,0,-0.0016256,0
-7.2002,0,0,0,15.366,0.047835,0,1,0.023825,0,-0.0015748,0
-7.2037,0,0,0,15.447,0.04823,0,1,0.023876,0,-0.001524,0
-7.2071,0,0,0,15.527,0.048625,0,1,0.023927,0,-0.0014732,0
-7.2105,0,0,0,15.608,0.04902,0,1,0.023978,0,-0.0014224,0
-7.214,0,0,0,15.688,0.049416,0,1,0.024028,0,-0.0013716,0
-7.2174,0,0,0,15.769,0.049811,0,1,0.024079,0,-0.0013208,0
-7.2209,0,0,0,15.849,0.050206,0,1,0.02413,0,-0.00127,0
-7.2259,0,0,0,16.629,0.051278,0,1,0.024181,0,-0.0012192,0
-7.2316,0,0,0,17.657,0.052591,0,1,0.024232,0,-0.0011684,0
-7.2372,0,0,0,18.684,0.053903,0,1,0.024282,0,-0.0011176,0
-7.2428,0,0,0,19.712,0.055215,0,1,0.024333,0,-0.0010668,0
-7.2485,0,0,0,20.74,0.056528,0,1,0.024384,0,-0.001016,0
-7.2541,0,0,0,21.767,0.05784,0,1,0.024435,0,-0.0009652,0
-7.2598,0,0,0,22.795,0.059152,0,1,0.024486,0,-0.0009144,0
-7.2654,0,0,0,23.822,0.060465,0,1,0.024536,0,-0.0008636,0
-7.271,0,0,0,24.85,0.061777,0,1,0.024587,0,-0.0008128,0
-7.2841,0,0,0,39.176,0.076105,0,1,0.024638,0,-0.000762,0
-7.2994,0,0,0,57.509,0.094357,0,1,0.024689,0,-0.0007112,0
-7.3147,0,0,0,75.843,0.11261,0,1,0.02474,0,-0.0006604,0
-7.3299,0,0,0,94.176,0.13086,0,1,0.02479,0,-0.0006096,0
-7.3452,0,0,0,112.51,0.14911,0,1,0.024841,0,-0.0005588,0
-7.3605,0,0,0,130.84,0.16736,0,1,0.024892,0,-0.000508,0
-7.3758,0,0,0,149.18,0.18561,0,1,0.024943,0,-0.0004572,0
-7.3911,0,0,0,167.51,0.20386,0,1,0.024994,0,-0.0004064,0
-7.3776,0,0,0,325.8,0.25971,0,1,0.025044,0,-0.0003556,0
-7.34,0,0,0,601.95,0.34721,0,1,0.025095,0,-0.0003048,0
-7.3023,0,0,0,878.09,0.43471,0,1,0.025146,0,-0.000254,0
-7.2647,0,0,0,1154.2,0.52221,0,1,0.025197,0,-0.0002032,0
-7.227,0,0,0,1430.4,0.60972,0,1,0.025248,0,-0.0001524,0
-7.1894,0,0,0,1706.5,0.69722,0,1,0.025298,0,-0.0001016,0
-7.1517,0,0,0,1982.7,0.78472,0,1,0.025349,0,-5.08e-005,0
-7.1141,0,0,0,2258.8,0.87222,0,1,0.0254,0,0,0
-7.0663,1.3235,-0.0022978,0,2312.7,0.89752,6.5746e-006,1,0.025451,0,5.08e-005,0
-7.0185,2.647,-0.0045956,0,2366.5,0.92281,1.3149e-005,1,0.025502,0,0.0001016,0
-6.9707,3.9705,-0.0068934,0,2420.4,0.94811,1.9724e-005,1,0.025552,0,0.0001524,0
-6.923,5.294,-0.0091912,0,2474.2,0.9734,2.6298e-005,1,0.025603,0,0.0002032,0
-6.8752,6.6175,-0.011489,0,2528.1,0.9987,3.2873e-005,1,0.025654,0,0.000254,0
-6.8274,7.941,-0.013787,0,2581.9,1.024,3.9448e-005,1,0.025705,0,0.0003048,0
-6.8155,8.3565,-0.0083214,0,2344.9,0.96091,4.0708e-005,1,0.025756,0,0.0003556,0
-6.8108,8.5874,-0.0012763,0,2048.8,0.87985,4.0886e-005,1,0.025806,0,0.0004064,0
-6.8061,8.8182,0.0057689,0,1752.7,0.7988,4.1065e-005,1,0.025857,0,0.0004572,0
-6.8015,9.0491,0.012814,0,1456.5,0.71774,4.1243e-005,1,0.025908,0,0.000508,0
-6.7968,9.2799,0.019859,0,1160.4,0.63668,4.1422e-005,1,0.025959,0,0.0005588,0
-6.7921,9.5107,0.026904,0,864.22,0.55562,4.16e-005,1,0.02601,0,0.0006096,0
-6.7874,9.7368,0.033771,0,574.47,0.47616,4.1918e-005,1,0.02606,0,0.0006604,0
-6.7802,9.7909,0.03419,0,516.12,0.45472,4.7261e-005,1,0.026111,0,0.0007112,0
-6.7729,9.8449,0.034609,0,457.77,0.43328,5.2604e-005,1,0.026162,0,0.000762,0
-6.7657,9.8989,0.035027,0,399.42,0.41185,5.7947e-005,1,0.026213,0,0.0008128,0
-6.7585,9.9529,0.035446,0,341.06,0.39041,6.329e-005,1,0.026264,0,0.0008636,0
-6.7512,10.007,0.035865,0,282.71,0.36897,6.8633e-005,1,0.026314,0,0.0009144,0
-6.744,10.061,0.036284,0,224.36,0.34753,7.3976e-005,1,0.026365,0,0.0009652,0
-6.7368,10.115,0.036702,0,166,0.32609,7.9319e-005,1,0.026416,0,0.001016,0
-6.7309,10.143,0.036953,0,132.99,0.31614,8.8313e-005,1,0.026467,0,0.0010668,0
-6.7263,10.146,0.037051,0,123.13,0.31668,0.00010064,1,0.026518,0,0.0011176,0
-6.7217,10.15,0.037149,0,113.27,0.31722,0.00011297,1,0.026568,0,0.0011684,0
-6.7171,10.153,0.037247,0,103.41,0.31776,0.0001253,1,0.026619,0,0.0012192,0
-6.7126,10.156,0.037345,0,93.547,0.3183,0.00013763,1,0.02667,0,0.00127,0
-6.708,10.16,0.037443,0,83.686,0.31884,0.00014996,1,0.026721,0,0.0013208,0
-6.7034,10.163,0.037541,0,73.825,0.31938,0.00016229,1,0.026772,0,0.0013716,0
-6.6988,10.167,0.037639,0,63.964,0.31992,0.00017462,1,0.026822,0,0.0014224,0
-6.6945,10.169,0.037647,0,55.866,0.32068,0.00018787,1,0.026873,0,0.0014732,0
-6.691,10.167,0.037382,0,53.177,0.32213,0.00020397,1,0.026924,0,0.001524,0
-6.6875,10.166,0.037116,0,50.487,0.32358,0.00022008,1,0.026975,0,0.0015748,0
-6.684,10.164,0.036851,0,47.797,0.32503,0.00023618,1,0.027026,0,0.0016256,0
-6.6805,10.162,0.036585,0,45.108,0.32647,0.00025228,1,0.027076,0,0.0016764,0
-6.677,10.161,0.03632,0,42.418,0.32792,0.00026838,1,0.027127,0,0.0017272,0
-6.6735,10.159,0.036054,0,39.729,0.32937,0.00028448,1,0.027178,0,0.001778,0
-6.67,10.157,0.035789,0,37.039,0.33082,0.00030058,1,0.027229,0,0.0018288,0
-6.6665,10.156,0.035524,0,34.349,0.33226,0.00031669,1,0.02728,0,0.0018796,0
-6.6631,10.154,0.035265,0,31.857,0.33363,0.00033279,1,0.02733,0,0.0019304,0
-6.6603,10.153,0.035059,0,30.843,0.33437,0.00034887,1,0.027381,0,0.0019812,0
-6.6576,10.151,0.034852,0,29.829,0.33512,0.00036495,1,0.027432,0,0.002032,0
-6.6548,10.15,0.034646,0,28.816,0.33586,0.00038104,1,0.027483,0,0.0020828,0
-6.652,10.149,0.03444,0,27.802,0.3366,0.00039712,1,0.027534,0,0.0021336,0
-6.6492,10.147,0.034233,0,26.789,0.33735,0.00041321,1,0.027584,0,0.0021844,0
-6.6464,10.146,0.034027,0,25.775,0.33809,0.00042929,1,0.027635,0,0.0022352,0
-6.6436,10.145,0.03382,0,24.762,0.33883,0.00044537,1,0.027686,0,0.002286,0
-6.6409,10.143,0.033614,0,23.748,0.33958,0.00046146,1,0.027737,0,0.0023368,0
-6.6381,10.142,0.033408,0,22.735,0.34032,0.00047754,1,0.027788,0,0.0023876,0
-6.6353,10.141,0.0332,0,21.751,0.34104,0.00049343,1,0.027838,0,0.0024384,0
-6.633,10.14,0.032973,0,21.335,0.34136,0.00050553,1,0.027889,0,0.0024892,0
-6.6307,10.139,0.032747,0,20.919,0.34168,0.00051764,1,0.02794,0,0.00254,0
-6.6283,10.138,0.03252,0,20.503,0.342,0.00052974,1,0.027991,0,0.0025908,0
-6.626,10.137,0.032293,0,20.087,0.34231,0.00054184,1,0.028042,0,0.0026416,0
-6.6237,10.136,0.032066,0,19.671,0.34263,0.00055395,1,0.028092,0,0.0026924,0
-6.6214,10.135,0.031839,0,19.255,0.34295,0.00056605,1,0.028143,0,0.0027432,0
-6.619,10.135,0.031612,0,18.839,0.34327,0.00057815,1,0.028194,0,0.002794,0
-6.6167,10.134,0.031385,0,18.423,0.34359,0.00059026,1,0.028245,0,0.0028448,0
-6.6144,10.133,0.031158,0,18.007,0.3439,0.00060236,1,0.028296,0,0.0028956,0
-6.6121,10.132,0.030931,0,17.591,0.34422,0.00061446,1,0.028346,0,0.0029464,0
-6.6097,10.131,0.030704,0,17.175,0.34454,0.00062657,1,0.028397,0,0.0029972,0
-6.6073,10.13,0.030454,0,16.924,0.34472,0.00063708,1,0.028448,0,0.003048,0
-6.6048,10.129,0.030204,0,16.683,0.34489,0.0006475,1,0.028499,0,0.0030988,0
-6.6024,10.128,0.029953,0,16.441,0.34507,0.00065792,1,0.02855,0,0.0031496,0
-6.6,10.128,0.029702,0,16.199,0.34524,0.00066835,1,0.0286,0,0.0032004,0
-6.5975,10.127,0.029451,0,15.958,0.34542,0.00067877,1,0.028651,0,0.0032512,0
-6.5951,10.126,0.029201,0,15.716,0.34559,0.00068919,1,0.028702,0,0.003302,0
-6.5926,10.125,0.02895,0,15.475,0.34577,0.00069961,1,0.028753,0,0.0033528,0
-6.5902,10.124,0.028699,0,15.233,0.34594,0.00071003,1,0.028804,0,0.0034036,0
-6.5878,10.123,0.028455,0,15.026,0.34609,0.00071927,1,0.028854,0,0.0034544,0
-6.5858,10.123,0.028229,0,14.912,0.34616,0.00072536,1,0.028905,0,0.0035052,0
-6.5838,10.122,0.028004,0,14.799,0.34623,0.00073144,1,0.028956,0,0.003556,0
-6.5818,10.121,0.027778,0,14.685,0.3463,0.00073752,1,0.029007,0,0.0036068,0
-6.5798,10.121,0.027553,0,14.571,0.34638,0.0007436,1,0.029058,0,0.0036576,0
-6.5778,10.12,0.027327,0,14.457,0.34645,0.00074969,1,0.029108,0,0.0037084,0
-6.5758,10.12,0.027102,0,14.343,0.34652,0.00075577,1,0.029159,0,0.0037592,0
-6.5738,10.119,0.026876,0,14.23,0.34659,0.00076185,1,0.02921,0,0.00381,0
-6.5718,10.118,0.02665,0,14.116,0.34667,0.00076793,1,0.029261,0,0.0038608,0
-6.5698,10.118,0.026425,0,14.002,0.34674,0.00077402,1,0.029312,0,0.0039116,0
-6.5678,10.117,0.0262,0,13.898,0.3468,0.00077967,1,0.029362,0,0.0039624,0
-6.566,10.116,0.025979,0,13.843,0.34683,0.00078294,1,0.029413,0,0.0040132,0
-6.5641,10.116,0.025757,0,13.789,0.34686,0.00078622,1,0.029464,0,0.004064,0
-6.5623,10.115,0.025536,0,13.734,0.34688,0.00078949,1,0.029515,0,0.0041148,0
-6.5605,10.115,0.025315,0,13.68,0.34691,0.00079276,1,0.029566,0,0.0041656,0
-6.5587,10.114,0.025093,0,13.625,0.34693,0.00079604,1,0.029616,0,0.0042164,0
-6.5569,10.113,0.024872,0,13.571,0.34696,0.00079931,1,0.029667,0,0.0042672,0
-6.5551,10.113,0.024651,0,13.516,0.34699,0.00080259,1,0.029718,0,0.004318,0
-6.5533,10.112,0.024429,0,13.462,0.34701,0.00080586,1,0.029769,0,0.0043688,0
-6.5515,10.112,0.024208,0,13.407,0.34704,0.00080914,1,0.02982,0,0.0044196,0
-6.5496,10.111,0.023987,0,13.353,0.34707,0.00081241,1,0.02987,0,0.0044704,0
-6.5478,10.11,0.023765,0,13.298,0.34709,0.00081569,1,0.029921,0,0.0045212,0
-6.5461,10.11,0.023545,0,13.255,0.34711,0.00081831,1,0.029972,0,0.004572,0
-6.5445,10.109,0.023328,0,13.233,0.34711,0.00081971,1,0.030023,0,0.0046228,0
-6.5428,10.109,0.023111,0,13.211,0.34712,0.00082112,1,0.030074,0,0.0046736,0
-6.5412,10.108,0.022893,0,13.188,0.34712,0.00082253,1,0.030124,0,0.0047244,0
-6.5396,10.108,0.022676,0,13.166,0.34713,0.00082394,1,0.030175,0,0.0047752,0
-6.538,10.107,0.022459,0,13.144,0.34713,0.00082535,1,0.030226,0,0.004826,0
-6.5364,10.107,0.022241,0,13.122,0.34713,0.00082675,1,0.030277,0,0.0048768,0
-6.5347,10.106,0.022024,0,13.1,0.34714,0.00082816,1,0.030328,0,0.0049276,0
-6.5331,10.106,0.021806,0,13.077,0.34714,0.00082957,1,0.030378,0,0.0049784,0
-6.5315,10.105,0.021589,0,13.055,0.34715,0.00083098,1,0.030429,0,0.0050292,0
-6.5299,10.105,0.021372,0,13.033,0.34715,0.00083238,1,0.03048,0,0.00508,0
-6.5283,10.104,0.021154,0,13.011,0.34715,0.00083379,1,0.030531,0,0.0051308,0
-6.5266,10.104,0.020937,0,12.988,0.34716,0.0008352,1,0.030582,0,0.0051816,0
-6.525,10.103,0.02072,0,12.966,0.34716,0.00083661,1,0.030632,0,0.0052324,0
-6.5235,10.103,0.020505,0,12.953,0.34716,0.00083746,1,0.030683,0,0.0052832,0
-6.5221,10.102,0.020292,0,12.945,0.34716,0.00083792,1,0.030734,0,0.005334,0
-6.5206,10.102,0.020079,0,12.938,0.34715,0.00083838,1,0.030785,0,0.0053848,0
-6.5192,10.101,0.019865,0,12.931,0.34715,0.00083883,1,0.030836,0,0.0054356,0
-6.5178,10.101,0.019652,0,12.924,0.34715,0.00083929,1,0.030886,0,0.0054864,0
-6.5164,10.1,0.019439,0,12.916,0.34714,0.00083975,1,0.030937,0,0.0055372,0
-6.5149,10.1,0.019226,0,12.909,0.34714,0.00084021,1,0.030988,0,0.005588,0
-6.5135,10.099,0.019013,0,12.902,0.34714,0.00084067,1,0.031039,0,0.0056388,0
-6.5121,10.099,0.0188,0,12.894,0.34713,0.00084112,1,0.03109,0,0.0056896,0
-6.5106,10.099,0.018587,0,12.887,0.34713,0.00084158,1,0.03114,0,0.0057404,0
-6.5092,10.098,0.018374,0,12.88,0.34713,0.00084204,1,0.031191,0,0.0057912,0
-6.5078,10.098,0.018161,0,12.872,0.34712,0.0008425,1,0.031242,0,0.005842,0
-6.5063,10.097,0.017948,0,12.865,0.34712,0.00084295,1,0.031293,0,0.0058928,0
-6.5049,10.097,0.017735,0,12.858,0.34712,0.00084341,1,0.031344,0,0.0059436,0
-6.5035,10.096,0.017521,0,12.85,0.34711,0.00084387,1,0.031394,0,0.0059944,0
-6.502,10.096,0.017308,0,12.843,0.34711,0.00084433,1,0.031445,0,0.0060452,0
-6.5007,10.095,0.017098,0,12.839,0.34711,0.0008446,1,0.031496,0,0.006096,0
-6.4995,10.095,0.01689,0,12.837,0.3471,0.00084471,1,0.031547,0,0.0061468,0
-6.4982,10.095,0.016682,0,12.835,0.3471,0.00084481,1,0.031598,0,0.0061976,0
-6.497,10.094,0.016473,0,12.833,0.3471,0.00084492,1,0.031648,0,0.0062484,0
-6.4957,10.094,0.016265,0,12.831,0.34709,0.00084502,1,0.031699,0,0.0062992,0
-6.4945,10.093,0.016057,0,12.829,0.34709,0.00084513,1,0.03175,0,0.00635,0
-6.4932,10.093,0.015849,0,12.827,0.34708,0.00084523,1,0.031801,0,0.0064008,0
-6.492,10.093,0.015641,0,12.826,0.34708,0.00084534,1,0.031852,0,0.0064516,0
-6.4907,10.092,0.015433,0,12.824,0.34708,0.00084544,1,0.031902,0,0.0065024,0
-6.4895,10.092,0.015225,0,12.822,0.34707,0.00084555,1,0.031953,0,0.0065532,0
-6.4882,10.092,0.015016,0,12.82,0.34707,0.00084565,1,0.032004,0,0.006604,0
-6.487,10.091,0.014808,0,12.818,0.34706,0.00084576,1,0.032055,0,0.0066548,0
-6.4857,10.091,0.0146,0,12.816,0.34706,0.00084586,1,0.032106,0,0.0067056,0
-6.4845,10.09,0.014392,0,12.814,0.34706,0.00084597,1,0.032156,0,0.0067564,0
-6.4833,10.09,0.014184,0,12.812,0.34705,0.00084607,1,0.032207,0,0.0068072,0
-6.482,10.09,0.013976,0,12.81,0.34705,0.00084618,1,0.032258,0,0.006858,0
-6.4808,10.089,0.013768,0,12.809,0.34705,0.00084628,1,0.032309,0,0.0069088,0
-6.4795,10.089,0.013559,0,12.807,0.34704,0.00084639,1,0.03236,0,0.0069596,0
-6.4783,10.088,0.013351,0,12.805,0.34704,0.00084649,1,0.03241,0,0.0070104,0
-6.4772,10.088,0.013147,0,12.804,0.34703,0.00084653,1,0.032461,0,0.0070612,0
-6.4761,10.088,0.012944,0,12.804,0.34703,0.00084654,1,0.032512,0,0.007112,0
-6.475,10.088,0.012741,0,12.803,0.34703,0.00084656,1,0.032563,0,0.0071628,0
-6.4739,10.087,0.012539,0,12.803,0.34703,0.00084657,1,0.032614,0,0.0072136,0
-6.4729,10.087,0.012336,0,12.802,0.34702,0.00084659,1,0.032664,0,0.0072644,0
-6.4718,10.087,0.012133,0,12.802,0.34702,0.0008466,1,0.032715,0,0.0073152,0
-6.4707,10.086,0.01193,0,12.802,0.34702,0.00084662,1,0.032766,0,0.007366,0
-6.4697,10.086,0.011727,0,12.801,0.34702,0.00084663,1,0.032817,0,0.0074168,0
-6.4686,10.086,0.011524,0,12.801,0.34701,0.00084665,1,0.032868,0,0.0074676,0
-6.4675,10.085,0.011321,0,12.8,0.34701,0.00084666,1,0.032918,0,0.0075184,0
-6.4664,10.085,0.011118,0,12.8,0.34701,0.00084668,1,0.032969,0,0.0075692,0
-6.4654,10.085,0.010915,0,12.799,0.34701,0.00084669,1,0.03302,0,0.00762,0
-6.4643,10.084,0.010713,0,12.799,0.347,0.00084671,1,0.033071,0,0.0076708,0
-6.4632,10.084,0.01051,0,12.799,0.347,0.00084672,1,0.033122,0,0.0077216,0
-6.4622,10.084,0.010307,0,12.798,0.347,0.00084674,1,0.033172,0,0.0077724,0
-6.4611,10.083,0.010104,0,12.798,0.34699,0.00084675,1,0.033223,0,0.0078232,0
-6.46,10.083,0.0099009,0,12.797,0.34699,0.00084677,1,0.033274,0,0.007874,0
-6.4589,10.083,0.009698,0,12.797,0.34699,0.00084678,1,0.033325,0,0.0079248,0
-6.4579,10.083,0.0094951,0,12.796,0.34699,0.0008468,1,0.033376,0,0.0079756,0
-6.4568,10.082,0.0092923,0,12.796,0.34698,0.00084681,1,0.033426,0,0.0080264,0
-6.4557,10.082,0.0090894,0,12.796,0.34698,0.00084682,1,0.033477,0,0.0080772,0
-6.4547,10.082,0.0088865,0,12.795,0.34698,0.00084684,1,0.033528,0,0.008128,0
-6.4537,10.081,0.0086882,0,12.795,0.34698,0.00084684,1,0.033579,0,0.0081788,0
-6.4528,10.081,0.0084902,0,12.795,0.34697,0.00084684,1,0.03363,0,0.0082296,0
-6.4519,10.081,0.0082923,0,12.795,0.34697,0.00084684,1,0.03368,0,0.0082804,0
-6.451,10.081,0.0080943,0,12.795,0.34697,0.00084684,1,0.033731,0,0.0083312,0
-6.4501,10.08,0.0078964,0,12.795,0.34697,0.00084684,1,0.033782,0,0.008382,0
-6.4492,10.08,0.0076984,0,12.794,0.34697,0.00084684,1,0.033833,0,0.0084328,0
-6.4483,10.08,0.0075005,0,12.794,0.34697,0.00084684,1,0.033884,0,0.0084836,0
-6.4474,10.08,0.0073025,0,12.794,0.34696,0.00084684,1,0.033934,0,0.0085344,0
-6.4465,10.079,0.0071046,0,12.794,0.34696,0.00084684,1,0.033985,0,0.0085852,0
-6.4456,10.079,0.0069066,0,12.794,0.34696,0.00084684,1,0.034036,0,0.008636,0
-6.4447,10.079,0.0067087,0,12.794,0.34696,0.00084684,1,0.034087,0,0.0086868,0
-6.4438,10.079,0.0065107,0,12.794,0.34696,0.00084684,1,0.034138,0,0.0087376,0
-6.4429,10.078,0.0063128,0,12.794,0.34696,0.00084684,1,0.034188,0,0.0087884,0
-6.442,10.078,0.0061148,0,12.793,0.34695,0.00084684,1,0.034239,0,0.0088392,0
-6.4411,10.078,0.0059169,0,12.793,0.34695,0.00084684,1,0.03429,0,0.00889,0
-6.4402,10.078,0.0057189,0,12.793,0.34695,0.00084684,1,0.034341,0,0.0089408,0
-6.4393,10.078,0.005521,0,12.793,0.34695,0.00084684,1,0.034392,0,0.0089916,0
-6.4384,10.077,0.005323,0,12.793,0.34695,0.00084684,1,0.034442,0,0.0090424,0
-6.4374,10.077,0.005125,0,12.793,0.34695,0.00084684,1,0.034493,0,0.0090932,0
-6.4365,10.077,0.0049271,0,12.793,0.34694,0.00084684,1,0.034544,0,0.009144,0
-6.4356,10.077,0.0047291,0,12.793,0.34694,0.00084684,1,0.034595,0,0.0091948,0
-6.4347,10.076,0.0045312,0,12.792,0.34694,0.00084684,1,0.034646,0,0.0092456,0
-6.4338,10.076,0.0043332,0,12.792,0.34694,0.00084684,1,0.034696,0,0.0092964,0
-6.4329,10.076,0.0041353,0,12.792,0.34694,0.00084684,1,0.034747,0,0.0093472,0
-6.432,10.076,0.0039373,0,12.792,0.34694,0.00084684,1,0.034798,0,0.009398,0
-6.4312,10.075,0.0037412,0,12.792,0.34694,0.00084684,1,0.034849,0,0.0094488,0
-6.4304,10.075,0.0035473,0,12.792,0.34693,0.00084684,1,0.0349,0,0.0094996,0
-6.4297,10.075,0.0033535,0,12.792,0.34693,0.00084684,1,0.03495,0,0.0095504,0
-6.4289,10.075,0.0031597,0,12.792,0.34693,0.00084684,1,0.035001,0,0.0096012,0
-6.4282,10.075,0.0029659,0,12.792,0.34693,0.00084683,1,0.035052,0,0.009652,0
-6.4274,10.075,0.002772,0,12.792,0.34693,0.00084683,1,0.035103,0,0.0097028,0
-6.4267,10.074,0.0025782,0,12.792,0.34693,0.00084683,1,0.035154,0,0.0097536,0
-6.4259,10.074,0.0023844,0,12.792,0.34693,0.00084683,1,0.035204,0,0.0098044,0
-6.4252,10.074,0.0021905,0,12.792,0.34693,0.00084683,1,0.035255,0,0.0098552,0
-6.4244,10.074,0.0019967,0,12.791,0.34693,0.00084683,1,0.035306,0,0.009906,0
-6.4237,10.074,0.0018029,0,12.791,0.34692,0.00084683,1,0.035357,0,0.0099568,0
-6.4229,10.074,0.001609,0,12.791,0.34692,0.00084683,1,0.035408,0,0.010008,0
-6.4222,10.073,0.0014152,0,12.791,0.34692,0.00084683,1,0.035458,0,0.010058,0
-6.4215,10.073,0.0012214,0,12.791,0.34692,0.00084683,1,0.035509,0,0.010109,0
-6.4207,10.073,0.0010275,0,12.791,0.34692,0.00084682,1,0.03556,0,0.01016,0
-6.42,10.073,0.0008337,0,12.791,0.34692,0.00084682,1,0.035611,0,0.010211,0
-6.4192,10.073,0.00063987,0,12.791,0.34692,0.00084682,1,0.035662,0,0.010262,0
-6.4185,10.073,0.00044604,0,12.791,0.34692,0.00084682,1,0.035712,0,0.010312,0
-6.4177,10.072,0.00025221,0,12.791,0.34692,0.00084682,1,0.035763,0,0.010363,0
-6.417,10.072,5.8378e-005,0,12.791,0.34692,0.00084682,1,0.035814,0,0.010414,0
-6.4162,10.072,-0.00013545,0,12.791,0.34691,0.00084682,1,0.035865,0,0.010465,0
-6.4155,10.072,-0.00032928,0,12.791,0.34691,0.00084682,1,0.035916,0,0.010516,0
-6.4147,10.072,-0.00052312,0,12.791,0.34691,0.00084682,1,0.035966,0,0.010566,0
-6.414,10.071,-0.00071695,0,12.791,0.34691,0.00084681,1,0.036017,0,0.010617,0
-6.4132,10.071,-0.00091078,0,12.791,0.34691,0.00084681,1,0.036068,0,0.010668,0
-6.4125,10.071,-0.0011046,0,12.791,0.34691,0.00084681,1,0.036119,0,0.010719,0
-6.4117,10.071,-0.0012984,0,12.79,0.34691,0.00084681,1,0.03617,0,0.01077,0
-6.411,10.071,-0.0014923,0,12.79,0.34691,0.00084681,1,0.03622,0,0.01082,0
-6.4102,10.071,-0.0016861,0,12.79,0.34691,0.00084681,1,0.036271,0,0.010871,0
-6.4095,10.07,-0.0018799,0,12.79,0.34691,0.00084681,1,0.036322,0,0.010922,0
-6.4088,10.07,-0.0020666,2.5003e-022,12.79,0.3469,0.00084681,1,0.036373,0,0.010973,0
-6.4083,10.07,-0.0022501,6.1042e-022,12.79,0.3469,0.00084681,1,0.036424,0,0.011024,0
-6.4077,10.07,-0.0024336,9.7081e-022,12.79,0.3469,0.00084681,1,0.036474,0,0.011074,0
-6.4071,10.07,-0.0026172,1.3312e-021,12.79,0.3469,0.00084681,1,0.036525,0,0.011125,0
-6.4065,10.07,-0.0028007,1.6916e-021,12.79,0.3469,0.0008468,1,0.036576,0,0.011176,0
-6.4059,10.07,-0.0029842,2.052e-021,12.79,0.3469,0.0008468,1,0.036627,0,0.011227,0
-6.4053,10.07,-0.0031677,2.4124e-021,12.79,0.3469,0.0008468,1,0.036678,0,0.011278,0
-6.4048,10.07,-0.0033512,2.7728e-021,12.79,0.3469,0.0008468,1,0.036728,0,0.011328,0
-6.4042,10.07,-0.0035348,3.1332e-021,12.79,0.3469,0.0008468,1,0.036779,0,0.011379,0
-6.4036,10.069,-0.0037183,3.4936e-021,12.79,0.3469,0.0008468,1,0.03683,0,0.01143,0
-6.403,10.069,-0.0039018,3.8539e-021,12.79,0.3469,0.0008468,1,0.036881,0,0.011481,0
-6.4024,10.069,-0.0040853,4.2143e-021,12.79,0.3469,0.0008468,1,0.036932,0,0.011532,0
-6.4019,10.069,-0.0042688,4.5747e-021,12.79,0.3469,0.0008468,1,0.036982,0,0.011582,0
-6.4013,10.069,-0.0044523,4.9351e-021,12.79,0.3469,0.0008468,1,0.037033,0,0.011633,0
-6.4007,10.069,-0.0046359,5.2955e-021,12.79,0.3469,0.0008468,1,0.037084,0,0.011684,0
-6.4001,10.069,-0.0048194,5.6559e-021,12.79,0.3469,0.0008468,1,0.037135,0,0.011735,0
-6.3995,10.069,-0.0050029,6.0163e-021,12.79,0.3469,0.0008468,1,0.037186,0,0.011786,0
-6.3989,10.069,-0.0051864,6.3767e-021,12.79,0.3469,0.0008468,1,0.037236,0,0.011836,0
-6.3984,10.069,-0.0053699,6.7371e-021,12.79,0.34689,0.0008468,1,0.037287,0,0.011887,0
-6.3978,10.068,-0.0055534,7.0975e-021,12.79,0.34689,0.0008468,1,0.037338,0,0.011938,0
-6.3972,10.068,-0.005737,7.4579e-021,12.79,0.34689,0.00084679,1,0.037389,0,0.011989,0
-6.3966,10.068,-0.0059205,7.8182e-021,12.79,0.34689,0.00084679,1,0.03744,0,0.01204,0
-6.396,10.068,-0.006104,8.1786e-021,12.79,0.34689,0.00084679,1,0.03749,0,0.01209,0
-6.3955,10.068,-0.0062875,8.539e-021,12.79,0.34689,0.00084679,1,0.037541,0,0.012141,0
-6.3949,10.068,-0.006471,8.8994e-021,12.789,0.34689,0.00084679,1,0.037592,0,0.012192,0
-6.3943,10.068,-0.0066545,9.2598e-021,12.789,0.34689,0.00084679,1,0.037643,0,0.012243,0
-6.3937,10.068,-0.0068381,9.6202e-021,12.789,0.34689,0.00084679,1,0.037694,0,0.012294,0
-6.3931,10.068,-0.0070216,9.9806e-021,12.789,0.34689,0.00084679,1,0.037744,0,0.012344,0
-6.3925,10.068,-0.0072051,1.0341e-020,12.789,0.34689,0.00084679,1,0.037795,0,0.012395,0
-6.392,10.067,-0.0073886,1.0701e-020,12.789,0.34689,0.00084679,1,0.037846,0,0.012446,0
-6.3914,10.067,-0.0075721,1.1062e-020,12.789,0.34689,0.00084679,1,0.037897,0,0.012497,0
-6.3908,10.067,-0.0077556,1.1422e-020,12.789,0.34689,0.00084679,1,0.037948,0,0.012548,0
-6.3902,10.067,-0.0079392,1.1783e-020,12.789,0.34689,0.00084679,1,0.037998,0,0.012598,0
-6.3896,10.067,-0.0081227,1.2143e-020,12.789,0.34689,0.00084679,1,0.038049,0,0.012649,0
-6.3891,10.067,-0.0083062,1.2503e-020,12.789,0.34689,0.00084679,1,0.0381,0,0.0127,0
-6.3886,10.067,-0.008489,1.2105e-020,12.789,0.34689,0.00084679,1,0.038151,0,0.012751,0
-6.3881,10.067,-0.0086719,1.1707e-020,12.789,0.34689,0.00084679,1,0.038202,0,0.012802,0
-6.3877,10.067,-0.0088547,1.1309e-020,12.789,0.34689,0.00084679,1,0.038252,0,0.012852,0
-6.3872,10.067,-0.0090376,1.0911e-020,12.789,0.34688,0.00084679,1,0.038303,0,0.012903,0
-6.3867,10.067,-0.0092204,1.0513e-020,12.789,0.34688,0.00084678,1,0.038354,0,0.012954,0
-6.3863,10.067,-0.0094032,1.0115e-020,12.789,0.34688,0.00084678,1,0.038405,0,0.013005,0
-6.3858,10.067,-0.0095861,9.7173e-021,12.789,0.34688,0.00084678,1,0.038456,0,0.013056,0
-6.3854,10.067,-0.0097689,9.3193e-021,12.789,0.34688,0.00084678,1,0.038506,0,0.013106,0
-6.3849,10.067,-0.0099518,8.9213e-021,12.789,0.34688,0.00084678,1,0.038557,0,0.013157,0
-6.3844,10.067,-0.010135,8.5233e-021,12.789,0.34688,0.00084678,1,0.038608,0,0.013208,0
-6.384,10.067,-0.010317,8.1253e-021,12.789,0.34688,0.00084678,1,0.038659,0,0.013259,0
-6.3835,10.067,-0.0105,7.7273e-021,12.789,0.34688,0.00084678,1,0.03871,0,0.01331,0
-6.383,10.067,-0.010683,7.3293e-021,12.789,0.34688,0.00084678,1,0.03876,0,0.01336,0
-6.3826,10.066,-0.010866,6.9313e-021,12.789,0.34688,0.00084678,1,0.038811,0,0.013411,0
-6.3821,10.066,-0.011049,6.5333e-021,12.789,0.34688,0.00084678,1,0.038862,0,0.013462,0
-6.3817,10.066,-0.011232,6.1353e-021,12.789,0.34688,0.00084678,1,0.038913,0,0.013513,0
-6.3812,10.066,-0.011415,5.7373e-021,12.789,0.34688,0.00084678,1,0.038964,0,0.013564,0
-6.3807,10.066,-0.011597,5.3393e-021,12.789,0.34688,0.00084678,1,0.039014,0,0.013614,0
-6.3803,10.066,-0.01178,4.9413e-021,12.789,0.34688,0.00084678,1,0.039065,0,0.013665,0
-6.3798,10.066,-0.011963,4.5433e-021,12.789,0.34688,0.00084678,1,0.039116,0,0.013716,0
-6.3794,10.066,-0.012146,4.1453e-021,12.789,0.34688,0.00084678,1,0.039167,0,0.013767,0
-6.3789,10.066,-0.012329,3.7473e-021,12.789,0.34688,0.00084678,1,0.039218,0,0.013818,0
-6.3784,10.066,-0.012512,3.3493e-021,12.789,0.34688,0.00084678,1,0.039268,0,0.013868,0
-6.378,10.066,-0.012694,2.9513e-021,12.789,0.34688,0.00084678,1,0.039319,0,0.013919,0
-6.3775,10.066,-0.012877,2.5532e-021,12.789,0.34688,0.00084678,1,0.03937,0,0.01397,0
-6.377,10.066,-0.01306,2.1552e-021,12.789,0.34688,0.00084678,1,0.039421,0,0.014021,0
-6.3766,10.066,-0.013243,1.7572e-021,12.789,0.34688,0.00084678,1,0.039472,0,0.014072,0
-6.3761,10.066,-0.013426,1.3592e-021,12.789,0.34688,0.00084678,1,0.039522,0,0.014122,0
-6.3757,10.066,-0.013609,9.6124e-022,12.789,0.34688,0.00084678,1,0.039573,0,0.014173,0
-6.3752,10.066,-0.013791,5.6323e-022,12.789,0.34688,0.00084678,1,0.039624,0,0.014224,0
-6.3747,10.066,-0.013974,1.6523e-022,12.789,0.34688,0.00084678,1,0.039675,0,0.014275,0
-6.3743,10.066,-0.014157,-2.3278e-022,12.789,0.34688,0.00084678,1,0.039726,0,0.014326,0
-6.3738,10.066,-0.01434,-6.3078e-022,12.789,0.34688,0.00084678,1,0.039776,0,0.014376,0
-6.3733,10.066,-0.014523,-1.0288e-021,12.789,0.34688,0.00084678,1,0.039827,0,0.014427,0
-6.3729,10.066,-0.014706,-1.4268e-021,12.789,0.34688,0.00084678,1,0.039878,0,0.014478,0
-6.3725,10.066,-0.014895,-2.0522e-021,12.789,0.34688,0.00084678,1,0.039929,0,0.014529,0
-6.3721,10.066,-0.015084,-2.7004e-021,12.789,0.34688,0.00084678,1,0.03998,0,0.01458,0
-6.3718,10.066,-0.015274,-3.3485e-021,12.789,0.34688,0.00084678,1,0.04003,0,0.01463,0
-6.3714,10.066,-0.015464,-3.9967e-021,12.789,0.34688,0.00084678,1,0.040081,0,0.014681,0
-6.371,10.066,-0.015653,-4.6449e-021,12.789,0.34688,0.00084678,1,0.040132,0,0.014732,0
-6.3706,10.066,-0.015843,-5.293e-021,12.789,0.34688,0.00084677,1,0.040183,0,0.014783,0
-6.3703,10.066,-0.016033,-5.9412e-021,12.789,0.34688,0.00084677,1,0.040234,0,0.014834,0
-6.3699,10.066,-0.016222,-6.5894e-021,12.789,0.34688,0.00084677,1,0.040284,0,0.014884,0
-6.3695,10.066,-0.016412,-7.2375e-021,12.789,0.34688,0.00084677,1,0.040335,0,0.014935,0
-6.3692,10.066,-0.016602,-7.8857e-021,12.789,0.34688,0.00084677,1,0.040386,0,0.014986,0
-6.3688,10.066,-0.016791,-8.5338e-021,12.789,0.34688,0.00084677,1,0.040437,0,0.015037,0
-6.3684,10.066,-0.016981,-9.182e-021,12.789,0.34688,0.00084677,1,0.040488,0,0.015088,0
-6.368,10.066,-0.017171,-9.8302e-021,12.789,0.34688,0.00084677,1,0.040538,0,0.015138,0
-6.3677,10.066,-0.01736,-1.0478e-020,12.789,0.34688,0.00084677,1,0.040589,0,0.015189,0
-6.3673,10.066,-0.01755,-1.1126e-020,12.789,0.34688,0.00084677,1,0.04064,0,0.01524,0
-6.3669,10.066,-0.01774,-1.1775e-020,12.789,0.34688,0.00084677,1,0.040691,0,0.015291,0
-6.3665,10.066,-0.01793,-1.2423e-020,12.789,0.34688,0.00084677,1,0.040742,0,0.015342,0
-6.3662,10.066,-0.018119,-1.3071e-020,12.789,0.34688,0.00084677,1,0.040792,0,0.015392,0
-6.3658,10.066,-0.018309,-1.3719e-020,12.789,0.34688,0.00084677,1,0.040843,0,0.015443,0
-6.3654,10.066,-0.018499,-1.4367e-020,12.789,0.34688,0.00084677,1,0.040894,0,0.015494,0
-6.3651,10.066,-0.018688,-1.5015e-020,12.789,0.34688,0.00084677,1,0.040945,0,0.015545,0
-6.3647,10.066,-0.018878,-1.5664e-020,12.789,0.34688,0.00084677,1,0.040996,0,0.015596,0
-6.3643,10.066,-0.019068,-1.6312e-020,12.789,0.34688,0.00084677,1,0.041046,0,0.015646,0
-6.3639,10.066,-0.019257,-1.696e-020,12.789,0.34688,0.00084677,1,0.041097,0,0.015697,0
-6.3636,10.066,-0.019447,-1.7608e-020,12.789,0.34688,0.00084677,1,0.041148,0,0.015748,0
-6.3632,10.066,-0.019637,-1.8256e-020,12.789,0.34688,0.00084677,1,0.041199,0,0.015799,0
-6.3628,10.066,-0.019826,-1.8904e-020,12.789,0.34688,0.00084677,1,0.04125,0,0.01585,0
-6.3625,10.066,-0.020016,-1.9553e-020,12.789,0.34688,0.00084677,1,0.0413,0,0.0159,0
-6.3621,10.066,-0.020206,-2.0201e-020,12.789,0.34688,0.00084677,1,0.041351,0,0.015951,0
-6.3617,10.066,-0.020395,-2.0849e-020,12.789,0.34688,0.00084677,1,0.041402,0,0.016002,0
-6.3613,10.066,-0.020585,-2.1497e-020,12.789,0.34688,0.00084677,1,0.041453,0,0.016053,0
-6.361,10.066,-0.020776,-2.1202e-020,12.789,0.34688,0.00084676,1,0.041504,0,0.016104,0
-6.3607,10.066,-0.020967,-2.039e-020,12.789,0.34688,0.00084676,1,0.041554,0,0.016154,0
-6.3605,10.066,-0.021159,-1.9579e-020,12.79,0.34688,0.00084675,1,0.041605,0,0.016205,0
-6.3602,10.067,-0.02135,-1.8767e-020,12.79,0.34688,0.00084674,1,0.041656,0,0.016256,0
-6.3599,10.067,-0.021542,-1.7956e-020,12.79,0.34688,0.00084674,1,0.041707,0,0.016307,0
-6.3596,10.067,-0.021733,-1.7144e-020,12.79,0.34688,0.00084673,1,0.041758,0,0.016358,0
-6.3593,10.067,-0.021925,-1.6333e-020,12.79,0.34689,0.00084673,1,0.041808,0,0.016408,0
-6.3591,10.067,-0.022116,-1.5521e-020,12.79,0.34689,0.00084672,1,0.041859,0,0.016459,0
-6.3588,10.067,-0.022308,-1.471e-020,12.79,0.34689,0.00084672,1,0.04191,0,0.01651,0
-6.3585,10.067,-0.022499,-1.3898e-020,12.79,0.34689,0.00084671,1,0.041961,0,0.016561,0
-6.3582,10.067,-0.022691,-1.3087e-020,12.791,0.34689,0.0008467,1,0.042012,0,0.016612,0
-6.3579,10.067,-0.022882,-1.2275e-020,12.791,0.34689,0.0008467,1,0.042062,0,0.016662,0
-6.3577,10.067,-0.023074,-1.1464e-020,12.791,0.34689,0.00084669,1,0.042113,0,0.016713,0
-6.3574,10.067,-0.023265,-1.0653e-020,12.791,0.34689,0.00084669,1,0.042164,0,0.016764,0
-6.3571,10.067,-0.023457,-9.8411e-021,12.791,0.34689,0.00084668,1,0.042215,0,0.016815,0
-6.3568,10.067,-0.023648,-9.0297e-021,12.791,0.34689,0.00084667,1,0.042266,0,0.016866,0
-6.3566,10.067,-0.02384,-8.2182e-021,12.791,0.34689,0.00084667,1,0.042316,0,0.016916,0
-6.3563,10.068,-0.024031,-7.4067e-021,12.792,0.34689,0.00084666,1,0.042367,0,0.016967,0
-6.356,10.068,-0.024223,-6.5953e-021,12.792,0.34689,0.00084666,1,0.042418,0,0.017018,0
-6.3557,10.068,-0.024415,-5.7838e-021,12.792,0.34689,0.00084665,1,0.042469,0,0.017069,0
-6.3554,10.068,-0.024606,-4.9724e-021,12.792,0.34689,0.00084665,1,0.04252,0,0.01712,0
-6.3552,10.068,-0.024798,-4.1609e-021,12.792,0.34689,0.00084664,1,0.04257,0,0.01717,0
-6.3549,10.068,-0.024989,-3.3495e-021,12.792,0.3469,0.00084663,1,0.042621,0,0.017221,0
-6.3546,10.068,-0.025181,-2.538e-021,12.792,0.3469,0.00084663,1,0.042672,0,0.017272,0
-6.3543,10.068,-0.025372,-1.7266e-021,12.792,0.3469,0.00084662,1,0.042723,0,0.017323,0
-6.354,10.068,-0.025564,-9.151e-022,12.793,0.3469,0.00084662,1,0.042774,0,0.017374,0
-6.3538,10.068,-0.025755,-1.0364e-022,12.793,0.3469,0.00084661,1,0.042824,0,0.017424,0
-6.3535,10.068,-0.025947,7.0781e-022,12.793,0.3469,0.0008466,1,0.042875,0,0.017475,0
-6.3533,10.068,-0.02614,1.1228e-021,12.794,0.3469,0.00084656,1,0.042926,0,0.017526,0
-6.3531,10.068,-0.026333,1.4356e-021,12.795,0.3469,0.0008465,1,0.042977,0,0.017577,0
-6.3528,10.069,-0.026526,1.7483e-021,12.796,0.3469,0.00084644,1,0.043028,0,0.017628,0
-6.3526,10.069,-0.026719,2.0611e-021,12.797,0.34691,0.00084639,1,0.043078,0,0.017678,0
-6.3524,10.069,-0.026913,2.3738e-021,12.798,0.34691,0.00084633,1,0.043129,0,0.017729,0
-6.3522,10.069,-0.027106,2.6865e-021,12.799,0.34691,0.00084627,1,0.04318,0,0.01778,0
-6.352,10.069,-0.027299,2.9993e-021,12.8,0.34691,0.00084622,1,0.043231,0,0.017831,0
-6.3518,10.069,-0.027492,3.312e-021,12.801,0.34691,0.00084616,1,0.043282,0,0.017882,0
-6.3516,10.069,-0.027686,3.6247e-021,12.802,0.34691,0.0008461,1,0.043332,0,0.017932,0
-6.3514,10.069,-0.027879,3.9375e-021,12.803,0.34692,0.00084605,1,0.043383,0,0.017983,0
-6.3512,10.07,-0.028072,4.2502e-021,12.804,0.34692,0.00084599,1,0.043434,0,0.018034,0
-6.351,10.07,-0.028266,4.5629e-021,12.805,0.34692,0.00084593,1,0.043485,0,0.018085,0
-6.3508,10.07,-0.028459,4.8757e-021,12.806,0.34692,0.00084588,1,0.043536,0,0.018136,0
-6.3506,10.07,-0.028652,5.1884e-021,12.807,0.34692,0.00084582,1,0.043586,0,0.018186,0
-6.3504,10.07,-0.028845,5.5011e-021,12.808,0.34693,0.00084576,1,0.043637,0,0.018237,0
-6.3502,10.07,-0.029039,5.8139e-021,12.809,0.34693,0.00084571,1,0.043688,0,0.018288,0
-6.35,10.07,-0.029232,6.1266e-021,12.81,0.34693,0.00084565,1,0.043739,0,0.018339,0
-6.3498,10.07,-0.029425,6.4393e-021,12.811,0.34693,0.00084559,1,0.04379,0,0.01839,0
-6.3496,10.07,-0.029618,6.7521e-021,12.812,0.34693,0.00084554,1,0.04384,0,0.01844,0
-6.3494,10.071,-0.029812,7.0648e-021,12.813,0.34693,0.00084548,1,0.043891,0,0.018491,0
-6.3492,10.071,-0.030005,7.3775e-021,12.814,0.34694,0.00084542,1,0.043942,0,0.018542,0
-6.349,10.071,-0.030198,7.6903e-021,12.815,0.34694,0.00084537,1,0.043993,0,0.018593,0
-6.3488,10.071,-0.030391,8.003e-021,12.816,0.34694,0.00084531,1,0.044044,0,0.018644,0
-6.3486,10.071,-0.030585,8.3157e-021,12.817,0.34694,0.00084525,1,0.044094,0,0.018694,0
-6.3484,10.071,-0.030778,8.6285e-021,12.818,0.34694,0.0008452,1,0.044145,0,0.018745,0
-6.3482,10.071,-0.030976,7.7771e-021,12.823,0.34695,0.00084485,1,0.044196,0,0.018796,0
-6.3481,10.071,-0.031174,6.9043e-021,12.829,0.34695,0.00084449,1,0.044247,0,0.018847,0
-6.348,10.072,-0.031372,6.0314e-021,12.835,0.34696,0.00084413,1,0.044298,0,0.018898,0
-6.3479,10.072,-0.03157,5.1586e-021,12.841,0.34696,0.00084377,1,0.044348,0,0.018948,0
-6.3478,10.072,-0.031768,4.2857e-021,12.846,0.34696,0.00084342,1,0.044399,0,0.018999,0
-6.3476,10.072,-0.031966,3.4129e-021,12.852,0.34697,0.00084306,1,0.04445,0,0.01905,0
-6.3475,10.072,-0.032164,2.54e-021,12.858,0.34697,0.0008427,1,0.044501,0,0.019101,0
-6.3474,10.072,-0.032362,1.6672e-021,12.864,0.34698,0.00084234,1,0.044552,0,0.019152,0
-6.3473,10.073,-0.032561,7.943e-022,12.87,0.34698,0.00084199,1,0.044602,0,0.019202,0
-6.3472,10.073,-0.032759,-7.856e-023,12.875,0.34698,0.00084163,1,0.044653,0,0.019253,0
-6.347,10.073,-0.032957,-9.5142e-022,12.881,0.34699,0.00084127,1,0.044704,0,0.019304,0
-6.3469,10.073,-0.033155,-1.8243e-021,12.887,0.34699,0.00084091,1,0.044755,0,0.019355,0
-6.3468,10.073,-0.033353,-2.6971e-021,12.893,0.34699,0.00084056,1,0.044806,0,0.019406,0
-6.3467,10.073,-0.033551,-3.57e-021,12.899,0.347,0.0008402,1,0.044856,0,0.019456,0
-6.3466,10.074,-0.033749,-4.4428e-021,12.904,0.347,0.00083984,1,0.044907,0,0.019507,0
-6.3464,10.074,-0.033947,-5.3157e-021,12.91,0.34701,0.00083948,1,0.044958,0,0.019558,0
-6.3463,10.074,-0.034145,-6.1885e-021,12.916,0.34701,0.00083913,1,0.045009,0,0.019609,0
-6.3462,10.074,-0.034343,-7.0614e-021,12.922,0.34701,0.00083877,1,0.04506,0,0.01966,0
-6.3461,10.074,-0.034541,-7.9343e-021,12.928,0.34702,0.00083841,1,0.04511,0,0.01971,0
-6.346,10.074,-0.034739,-8.8071e-021,12.934,0.34702,0.00083805,1,0.045161,0,0.019761,0
-6.3459,10.075,-0.034937,-9.68e-021,12.939,0.34703,0.0008377,1,0.045212,0,0.019812,0
-6.3457,10.075,-0.035135,-1.0553e-020,12.945,0.34703,0.00083734,1,0.045263,0,0.019863,0
-6.3456,10.075,-0.03533,-1.0128e-020,12.968,0.34703,0.00083595,1,0.045314,0,0.019914,0
-6.3455,10.075,-0.035523,-9.5201e-021,12.993,0.34704,0.00083441,1,0.045364,0,0.019964,0
-6.3454,10.075,-0.035717,-8.9119e-021,13.019,0.34704,0.00083288,1,0.045415,0,0.020015,0
-6.3453,10.075,-0.035911,-8.3037e-021,13.044,0.34704,0.00083134,1,0.045466,0,0.020066,0
-6.3452,10.076,-0.036105,-7.6955e-021,13.07,0.34704,0.00082981,1,0.045517,0,0.020117,0
-6.3451,10.076,-0.036298,-7.0873e-021,13.095,0.34705,0.00082827,1,0.045568,0,0.020168,0
-6.3451,10.076,-0.036492,-6.4791e-021,13.12,0.34705,0.00082673,1,0.045618,0,0.020218,0
-6.345,10.076,-0.036686,-5.8709e-021,13.146,0.34705,0.0008252,1,0.045669,0,0.020269,0
-6.3449,10.077,-0.03688,-5.2627e-021,13.171,0.34706,0.00082366,1,0.04572,0,0.02032,0
-6.3448,10.077,-0.037073,-4.6545e-021,13.197,0.34706,0.00082213,1,0.045771,0,0.020371,0
-6.3447,10.077,-0.037267,-4.0462e-021,13.222,0.34706,0.00082059,1,0.045822,0,0.020422,0
-6.3446,10.077,-0.037461,-3.438e-021,13.247,0.34706,0.00081905,1,0.045872,0,0.020472,0
-6.3445,10.077,-0.037655,-2.8298e-021,13.273,0.34707,0.00081752,1,0.045923,0,0.020523,0
-6.3444,10.078,-0.037848,-2.2216e-021,13.298,0.34707,0.00081598,1,0.045974,0,0.020574,0
-6.3443,10.078,-0.038042,-1.6134e-021,13.324,0.34707,0.00081445,1,0.046025,0,0.020625,0
-6.3442,10.078,-0.038236,-1.0052e-021,13.349,0.34708,0.00081291,1,0.046076,0,0.020676,0
-6.3441,10.078,-0.03843,-3.9697e-022,13.374,0.34708,0.00081137,1,0.046126,0,0.020726,0
-6.344,10.078,-0.038623,2.1124e-022,13.4,0.34708,0.00080984,1,0.046177,0,0.020777,0
-6.3439,10.079,-0.038817,8.1946e-022,13.425,0.34708,0.0008083,1,0.046228,0,0.020828,0
-6.3438,10.079,-0.039016,1.4989e-021,13.462,0.34708,0.00080621,1,0.046279,0,0.020879,0
-6.3439,10.079,-0.03924,2.4988e-021,13.55,0.34707,0.00080162,1,0.04633,0,0.02093,0
-6.3439,10.079,-0.039463,3.4987e-021,13.638,0.34705,0.00079702,1,0.04638,0,0.02098,0
-6.344,10.08,-0.039687,4.4985e-021,13.726,0.34703,0.00079243,1,0.046431,0,0.021031,0
-6.344,10.08,-0.03991,5.4984e-021,13.814,0.34701,0.00078784,1,0.046482,0,0.021082,0
-6.344,10.08,-0.040133,6.4983e-021,13.902,0.347,0.00078324,1,0.046533,0,0.021133,0
-6.3441,10.081,-0.040357,7.4983e-021,13.99,0.34698,0.00077865,1,0.046584,0,0.021184,0
-6.3441,10.081,-0.04058,8.4981e-021,14.078,0.34696,0.00077405,1,0.046634,0,0.021234,0
-6.3442,10.081,-0.040804,9.498e-021,14.166,0.34695,0.00076946,1,0.046685,0,0.021285,0
-6.3442,10.081,-0.041027,1.0498e-020,14.254,0.34693,0.00076487,1,0.046736,0,0.021336,0
-6.3443,10.082,-0.04125,1.1498e-020,14.342,0.34691,0.00076027,1,0.046787,0,0.021387,0
-6.3443,10.082,-0.041474,1.2498e-020,14.43,0.34689,0.00075568,1,0.046838,0,0.021438,0
-6.3443,10.082,-0.041697,1.3498e-020,14.518,0.34688,0.00075109,1,0.046888,0,0.021488,0
-6.3444,10.083,-0.04192,1.4497e-020,14.606,0.34686,0.00074649,1,0.046939,0,0.021539,0
-6.3444,10.083,-0.042144,1.5497e-020,14.694,0.34684,0.0007419,1,0.04699,0,0.02159,0
-6.3445,10.083,-0.042367,1.6497e-020,14.782,0.34683,0.0007373,1,0.047041,0,0.021641,0
-6.3445,10.083,-0.042591,1.7497e-020,14.87,0.34681,0.00073271,1,0.047092,0,0.021692,0
-6.3446,10.084,-0.042814,1.8497e-020,14.958,0.34679,0.00072812,1,0.047142,0,0.021742,0
-6.3445,10.084,-0.043001,1.804e-020,15.16,0.34673,0.00072027,1,0.047193,0,0.021793,0
-6.3443,10.085,-0.043167,1.6752e-020,15.428,0.34664,0.00071056,1,0.047244,0,0.021844,0
-6.3441,10.085,-0.043334,1.5463e-020,15.697,0.34655,0.00070085,1,0.047295,0,0.021895,0
-6.344,10.086,-0.0435,1.4174e-020,15.965,0.34645,0.00069115,1,0.047346,0,0.021946,0
-6.3438,10.086,-0.043666,1.2885e-020,16.233,0.34636,0.00068144,1,0.047396,0,0.021996,0
-6.3436,10.087,-0.043832,1.1596e-020,16.501,0.34627,0.00067173,1,0.047447,0,0.022047,0
-6.3435,10.087,-0.043999,1.0307e-020,16.769,0.34618,0.00066202,1,0.047498,0,0.022098,0
-6.3433,10.088,-0.044165,9.018e-021,17.037,0.34609,0.00065232,1,0.047549,0,0.022149,0
-6.3431,10.088,-0.044331,7.7291e-021,17.305,0.346,0.00064261,1,0.0476,0,0.0222,0
-6.343,10.089,-0.044497,6.4402e-021,17.574,0.34591,0.0006329,1,0.04765,0,0.02225,0
-6.3428,10.089,-0.044663,5.1512e-021,17.842,0.34582,0.00062319,1,0.047701,0,0.022301,0
-6.3426,10.09,-0.04483,3.8623e-021,18.11,0.34572,0.00061349,1,0.047752,0,0.022352,0
-6.3424,10.09,-0.044996,2.5734e-021,18.378,0.34563,0.00060378,1,0.047803,0,0.022403,0
-6.3423,10.091,-0.045162,1.2844e-021,18.646,0.34554,0.00059407,1,0.047854,0,0.022454,0
-6.3421,10.091,-0.045328,-4.4939e-024,18.914,0.34545,0.00058436,1,0.047904,0,0.022504,0
-6.3419,10.092,-0.045495,-1.2893e-021,19.185,0.34536,0.00057463,1,0.047955,0,0.022555,0
-6.3422,10.093,-0.045832,-1.7836e-021,20.017,0.34507,0.00056001,1,0.048006,0,0.022606,0
-6.3424,10.094,-0.046169,-2.2778e-021,20.849,0.34478,0.00054539,1,0.048057,0,0.022657,0
-6.3427,10.095,-0.046506,-2.772e-021,21.681,0.34449,0.00053077,1,0.048108,0,0.022708,0
-6.3429,10.096,-0.046843,-3.2662e-021,22.513,0.34421,0.00051615,1,0.048158,0,0.022758,0
-6.3432,10.097,-0.04718,-3.7604e-021,23.345,0.34392,0.00050153,1,0.048209,0,0.022809,0
-6.3435,10.098,-0.047517,-4.2547e-021,24.177,0.34363,0.00048692,1,0.04826,0,0.02286,0
-6.3437,10.099,-0.047854,-4.7489e-021,25.009,0.34334,0.0004723,1,0.048311,0,0.022911,0
-6.344,10.1,-0.048191,-5.2431e-021,25.841,0.34305,0.00045768,1,0.048362,0,0.022962,0
-6.3442,10.101,-0.048528,-5.7373e-021,26.672,0.34276,0.00044306,1,0.048412,0,0.023012,0
-6.3445,10.102,-0.048864,-6.2315e-021,27.504,0.34247,0.00042844,1,0.048463,0,0.023063,0
-6.3447,10.103,-0.049201,-6.7258e-021,28.336,0.34219,0.00041382,1,0.048514,0,0.023114,0
-6.345,10.105,-0.049538,-7.22e-021,29.168,0.3419,0.0003992,1,0.048565,0,0.023165,0
-6.3452,10.106,-0.049875,-7.7142e-021,30,0.34161,0.00038458,1,0.048616,0,0.023216,0
-6.3454,10.107,-0.050193,-8.1171e-021,31.017,0.34131,0.0003699,1,0.048666,0,0.023266,0
-6.3455,10.109,-0.050287,-7.4586e-021,34.183,0.34085,0.00035455,1,0.048717,0,0.023317,0
-6.3455,10.112,-0.050381,-6.8001e-021,37.349,0.34039,0.00033919,1,0.048768,0,0.023368,0
-6.3455,10.114,-0.050475,-6.1417e-021,40.514,0.33993,0.00032384,1,0.048819,0,0.023419,0
-6.3455,10.117,-0.050569,-5.4832e-021,43.68,0.33947,0.00030848,1,0.04887,0,0.02347,0
-6.3455,10.119,-0.050664,-4.8247e-021,46.846,0.33901,0.00029313,1,0.04892,0,0.02352,0
-6.3456,10.122,-0.050758,-4.1663e-021,50.012,0.33855,0.00027777,1,0.048971,0,0.023571,0
-6.3456,10.124,-0.050852,-3.5078e-021,53.178,0.33809,0.00026242,1,0.049022,0,0.023622,0
-6.3456,10.127,-0.050946,-2.8493e-021,56.343,0.33764,0.00024706,1,0.049073,0,0.023673,0
-6.3456,10.129,-0.05104,-2.1909e-021,59.509,0.33718,0.00023171,1,0.049124,0,0.023724,0
-6.3456,10.132,-0.051135,-1.5324e-021,62.675,0.33672,0.00021635,1,0.049174,0,0.023774,0
-6.3457,10.134,-0.051229,-8.7394e-022,65.841,0.33626,0.000201,1,0.049225,0,0.023825,0
-6.3457,10.137,-0.051323,-2.1548e-022,69.007,0.3358,0.00018564,1,0.049276,0,0.023876,0
-6.3456,10.133,-0.051524,0,82.806,0.33988,0.000174,1,0.049327,0,0.023927,0
-6.3455,10.127,-0.051777,0,101.78,0.34618,0.00016416,1,0.049378,0,0.023978,0
-6.3454,10.121,-0.052031,0,120.75,0.35248,0.00015432,1,0.049428,0,0.024028,0
-6.3453,10.115,-0.052284,0,139.72,0.35877,0.00014448,1,0.049479,0,0.024079,0
-6.3452,10.109,-0.052537,0,158.69,0.36507,0.00013464,1,0.04953,0,0.02413,0
-6.3451,10.102,-0.052791,0,177.67,0.37137,0.0001248,1,0.049581,0,0.024181,0
-6.345,10.096,-0.053044,0,196.64,0.37766,0.00011496,1,0.049632,0,0.024232,0
-6.3449,10.09,-0.053297,0,215.61,0.38396,0.00010512,1,0.049682,0,0.024282,0
-6.3448,10.084,-0.053551,0,234.58,0.39025,9.5279e-005,1,0.049733,0,0.024333,0
-6.3447,10.078,-0.053804,0,253.56,0.39655,8.5439e-005,1,0.049784,0,0.024384,0
-6.3446,10.072,-0.054057,0,272.53,0.40285,7.5599e-005,1,0.049835,0,0.024435,0
-6.3448,9.997,-0.053085,0,359.34,0.4353,7.0531e-005,1,0.049886,0,0.024486,0
-6.3452,9.8803,-0.051361,0,487.76,0.48381,6.8389e-005,1,0.049936,0,0.024536,0
-6.3455,9.7636,-0.049637,0,616.19,0.53231,6.6247e-005,1,0.049987,0,0.024587,0
-6.3458,9.6469,-0.047914,0,744.61,0.58082,6.4106e-005,1,0.050038,0,0.024638,0
-6.3462,9.5302,-0.04619,0,873.04,0.62932,6.1964e-005,1,0.050089,0,0.024689,0
-6.3465,9.4135,-0.044466,0,1001.5,0.67783,5.9823e-005,1,0.05014,0,0.02474,0
-6.3469,9.2968,-0.042742,0,1129.9,0.72633,5.7681e-005,1,0.05019,0,0.02479,0
-6.3472,9.1801,-0.041018,0,1258.3,0.77484,5.554e-005,1,0.050241,0,0.024841,0
-6.3476,9.0634,-0.039294,0,1386.7,0.82334,5.3398e-005,1,0.050292,0,0.024892,0
-6.3479,8.9467,-0.037571,0,1515.2,0.87185,5.1257e-005,1,0.050343,0,0.024943,0
-6.3477,8.1345,-0.033904,0,1640,0.91856,4.6436e-005,1,0.050394,0,0.024994,0
-6.3473,7.1177,-0.029666,0,1763.7,0.96476,4.0826e-005,1,0.050444,0,0.025044,0
-6.3469,6.1009,-0.025428,0,1887.5,1.011,3.5217e-005,1,0.050495,0,0.025095,0
-6.3465,5.084,-0.02119,0,2011.2,1.0571,2.9608e-005,1,0.050546,0,0.025146,0
-6.3461,4.0672,-0.016952,0,2135,1.1033,2.3999e-005,1,0.050597,0,0.025197,0
-6.3457,3.0504,-0.012714,0,2258.7,1.1495,1.839e-005,1,0.050648,0,0.025248,0
-6.3453,2.0336,-0.008476,0,2382.5,1.1957,1.2781e-005,1,0.050698,0,0.025298,0
-6.3449,1.0168,-0.004238,0,2506.2,1.2419,7.1719e-006,1,0.050749,0,0.025349,0
-6.3446,0,0,0,2630,1.2881,1.5628e-006,1,0.0508,0,0.0254,0
